id,text,label,wmd_rate
1,reavaliar principais circunstâncias adjetivam injustiças sociais exemplo criminalizar maneira enérgica corruptos saqueiam cofres públicos,PI,0.782375031948001
1,ministério educação ministro ricardo vélez rodriguez podem desenvolver parceria junto grande média – rádios televisão jornais fim criar projeto social informativo perigos criminalidade jovens,PI,0.8164115684070007
1,premiar trabalhos apresentassem temas combate criminalidade bolsas estudos melhores universidades país,PI,0.833083470813002
1,imprescindível exista reavaliação governamental diante dessas linhas sociais pois estado deficitário ocasiona quadro injusto população jovem,tese,0.7332428576390017
1,perceptível solução impasse apresentado responde governabilidade ruim cuja gestão ministérios existentes repercutem ações fracas ineficientes combater sistematicamente criminalidade,argumento,0.790598071314002
2,desigualdades sociais somadas omissão estado impulsionam iniciação cada vez precoce jovens mundo crime,tese,0.7983531846900012
2,encontrar-se países maior produção riqueza dados ibge instituto brasileiro geografia estatística apontam maior parcela desta riqueza concentra-se 10 ricos população neste cenário muitos jovens brasileiros situação risco veem crime única oportunidade superarar pobreza ascender socialmente,argumento,0.765792763673002
2,descaso governo acerca assuntos tangem educação aplicação políticas inclusão colaboram ainda aumento desta taxa criminalidade,argumento,0.7664728304780013
2,superar quadro violência políticas inclusão bastam deve haver políticas visem melhor redistribuição renda país incentivos busquem melhoria sistema básico ensino público assim capacitação destes jovens mercado trabalho,PI,0.7826363169060008
2,dessa forma causas aumento criminalidade jovens brasileiros múltiplas possui pilar principal desigualdade social amparada omissão ineficiência estado,argumento,0.7785630797510016
3,estado deverá criar programas conter evasão estimulando jovem importância estudos melhorando estruturas escolas tornar ambiente agradável investindo formação salário professores realizem bom trabalho,PI,0.7760317409500007
3,área profissional governo deverá incentivar empresas investirem programas aprendizagens jovens,PI,0.8304205114010013
3,programas além permitirem jovem fonte renda permitirá participação mercado trabalho experiência profissional maturidade ocupação conhecimento autoconfiança características essenciais proporcionar jovem oportunidade ingressar mercado trabalho,argumento,0.7925989210080009
3,outra área estado deverá investir formar juventude personalidade forte br,PI,0.8132069330360013
3,educação caminho seguro afastar jovens criminalidade prepará-los mercado profissiona,argumento,0.819934842858002
3,participação jovens crimes praticados brasil crescendo assustadoramente conforme anuário divulgado final 2017 fórum brasileiro segurança pública resolver problema governo deverá atuar três áreas esporte profissional educacional,tese,0.7734152861460007
3,tendo vista aspectos observados solução conter afastar jovens criminalidade quão eficiente ações governo estarão voltadas investimento conciliação três áreas pois assim permitirá jovens percorram caminhos tortuosos,PI,0.7520407846590007
3,esporte ensina jovens trabalhar equipe disciplina esforço determinação perder ganhar competir,argumento,0.8208504931830021
4,pobreza empurra infantes mundo crime flexibilização leis incentivam permanecer comportamentos torpes,tese,0.808874179012002
4,idade indivíduos vulneráveis sentimentalmente pobreza agrava condição torna-se uns canais recrutamento tráfico exemplo,argumento,0.7994299532830011
4,clamor social redução maioridade penal evidência quanto criminalidade seduzido milhares jovens adolescentes,argumento,0.7849846269000016
4,leis brasileiras bem agentes segurança contribuem permanência jovens criminalidade sobretudo reincidência crimes visto interpretam forma facilita saída infratores reclusão,argumento,0.7992326050410007
4,congresso nacional precisa trabalhar adequação leis realidade brasileira alterar regras regressão pena aperfeiçoamento eca secretárias educação estados municípios precisam fomentar políticas públicas aumentem envolvimento jovens esporte porque assim infantes podem sonhar mesma vida digna sonhada treinador carter liderados,PI,0.7585411365420002
5,necessário ministério trabalho mt parceria ministério educação mec fortaleça lei aprendizagem escolas áreas baixas rendas intuito inserir alunos funções produtivas bem geração renda àqueles habitam situações vulnerabilidade social fim centro referência especializado assistência social creas deve atuar através profissionais área tanto suporte jurídico social tanto famílias risco quanto monitoramento daqueles cumprem medidas socioeducativas,PI,0.7482242502880013
5,conselho nacional justiça cnj corrobora contexto expressa vulnerabilidade indivíduo diante ausência emprego acesso educação qualquer outro meio necessário renda dignidade humana,argumento,0.7868680633040024
5,ausência suporte familiar pode indiciar primeiros sinais desamparo jovem subsequentemente primeiras tendências crime adolescência – período pessoa mostra suscetível influências externas referentes formação conceitos si,argumento,0.7589790471590007
5,nesse ínterim medida desigualdade social atinge camadas específicas território brasileiro jovem tende perder qualidade direitos consequentemente exposto situações violência,argumento,0.7441184387660007
5,dessa maneira diante marginalização direitos torna-se inegável discussão criminalidade jovens fito evitar associação crime válvula escape permita ascensão social,tese,0.7887066919840008
6,uso demasiado tecnologia dia dia homem corrobora tentativa torna-lo obediente influências digitais,tese,0.8013820227980015
6,busca praticidade conforto homem estreitou relação tecnologia,argumento,0.8209296257370011
6,partir século xix revolução industrial mão obra passou substituída máquinas,argumento,0.8059318857550014
6,tecnologia destaca campo comunicação vez permite indivíduo maior alcance mensagens faz tempo real facilitando portanto interação comunicativa usuários,argumento,0.7484629490080019
6,artistas contemporâneos cantora pitty retrata cenário música “admirável chip novo” seguinte trecho “nada orgânico tudo programado achando libertado” evidenciando falta liberdade homem diante forte interferência digital,argumento,0.7575711413020008
6,necessário maior controle campo virtual amenizar forte influência diversos sites decisões indivíduo faz-se preciso atuação governo federal criar medidas segurança parceria ministério comunicação âmbito tornar dados pessoais usuários preservados podendo punir judicialmente infratores caso invasão dessas informações,PI,0.777934376476
6,instituições ensino órgão educador devem elucidar jovens diversificar sites costumam acessar fiquem restritos ferramenta fazendo visão mundo amplie,PI,0.798809359631002
6,ademais vale frisar uso exacerbado tecnologia permite atue decisões homem meio sistema controle dados capaz acesso preferências internautas assim moldar forma pensar,argumento,0.750559850564001
7,manipulação informações através meio consolida internet ferramenta aquisição conhecimento torna cada vez entrelaçada decisões pessoais indivíduo silenciosa ditadura algoritmos induz desde padrão consumo formação crítica opinião associada comportamento,tese,0.7754574099090009
7,dessa maneira consumo apresenta-se fruto escolhas previamente selecionadas responsáveis criar falsa sensação liberdade pessoa restringida presença “trending topics” ilustrados publicidades,argumento,0.766812093612002
7,vazamento dados oriundos 87 milhões perfis sendo 440 mil brasileiros relaciona-se inobservância estatal assegurar direitos segurança privacidade previstos marco civil internet lei 12965 2014 porque controle ilegal tais conteúdos incide ações tendem influenciar formação política social sociedade vez mantém-se fomentada comodidade falta verificação busca conhecimento,argumento,0.7570111520350024
7,alegoria caverna proposta filósofo platão homem cômodo acorrentado caverna alimentado somente sombras mundo exterior refletido parede incapaz atingir conhecimento inteligível verdadeiro,argumento,0.7738645673690024
7,necessário ação colaborativa ministério público ministério educação fortalecimento projeto ministério público educação digital escolas fim intensificar presença especialistas espaço escolar quais expliquem devidas medidas proteção serem tomadas internet bem fornecer orientação famílias controle uso,PI,0.8024197813470016
7,mídia caráter socializador deve desenvolver comerciais televisivos quais contenham fragmentos lei 12965 exemplos cotidianos instruam população manuseio consciente dados pessoais,PI,0.775868867353002
8,indivíduo torne super-homem nietzsche largue senso comum governo através ministérios educação comunicação devem fazer parcerias mídia propagandas intuito informar veiculados menos comercial horário nobre,PI,0.7760121466210008
8,quão benéfico tecnologia,argumento,0.7963486488840016
8,presos modo consumir baseado consumimos gostamos,argumento,0.8137982948710013
8,logo embora noção algoritmos além usufruirmos ainda míopes lidar,tese,0.7037390544620019
9,dados ibge mostram 80 jovens usam internet diversas finalidades envio mensagem recebimento correio eletrônico receber ligações alguém,argumento,0.7672963727470015
9,internet usada formadora opinião gosto visto pessoas consensos divergentes expõem pensamentos rede influenciando vida jovem dessa maneira propostos certa pessoa podem manipulá-la devido falta controle informações,argumento,0.7654413097370008
9,notório internet peça fundamental acesso conteúdos vídeos mensagem pesquisas outros além disso consegue meio algarismos códigos filtrar transmitir usuário sugestões personalizadas informações páginas sites entretanto autonomia internet uso dados pode trazer certa manipulação conteúdo falsa impressão escolha,tese,0.73991742495
9,necessário preocupação pais conteúdo oferecido filho,PI,0.8155637076720014
9,convém ressaltar internet meios usados divulgação marcas produtos empresas conseguir maximização desempenho usado banco dados usuários divulgar produto acordo preferências,argumento,0.801983469250002
9,deve-se ressaltar através palestras escolas necessidade uso consciente formas prevenção contra manipulação rede imprenscíndivel haver maior transparência sites aplicativos uso dados usuário,PI,0.7753258659790011
10,entanto controle exercido meios digitais dados produtos serviços chegam indivíduo impossibilita direitos internacionais fato colocados prática,tese,0.7915872798420015
10,meios digitais controlam acesso informação cidadão porque através consultas redes socais instagram possível desenhar perfil indivíduo assim descobrir desejos opiniões fim permite grandes empresas google selecionem notícias chegam,argumento,0.753037080359001
10,internet seleciona bens serviços consumidos população,argumento,0.8238439580910013
10,dessa forma onu parceria ongs espalhadas redor deve realizar palestra seminários perigos meio digital oferece fim incitar caráter crítico vigilante indivíduo,PI,0.7817896504550024
11,expansão atividades empresariais aliada visão etnocêntrica sociedade principais rastilhos nação indígena enfrenta,tese,0.8066047099310015
11,comunidades indígenas desde período colonial século xvi sofrem invasões terras obras desenvolvimento país i,argumento,0.836586120948001
11,vale frisar nativos vítimas visão deturpada valores construída europeus historicamente primeiros contato percepção errônea naturalizada refletida obras literárias indianistas escritor josé alencar iracema transforma índio figura selvagem ingênua passiva diante atitudes exploratórias europeu sen,argumento,0.8011563114800015
11,faz-se necessário mobilização agentes fundações instituições combater problemáticas supracitadas funai- fundação nacional indígena- deve intensificar operações proteção garantia direitos indígenas acerca terras demarcadas denunciando empresas ferirem direitos preestabelecidos assegurando indígenas posse terras outrossim instituições escolares meio docentes devem propor inovações didáticas – reservar semana ano invés somente dia data comemorativa- abordar temáticas povo elucidando importância construção identidade país cidadãos desde tenra idade aprendam respeito preservação diversidade étnica,PI,0.7660802384750001
12,índios sofreram inúmeras mudanças cultura devido interação outros povos,tese,0.812118252291002
12,segundo dados fundação nacional índio funai existem atualmente 460 mil índios residindo aldeias brasil estima-se anteriormente chegada colonizadores haviam 4 5 milhões índios terras brasileiras massacres realizados mesmos posteriormente conflitos fazendeiros garimpeiros invadiram terras indígenas contribuíram decréscimo população indígena,argumento,0.7865599235650024
12,diminuição alimentos desmatamento avanço cidades fatores motivaram parte povos indígenas migrarem centros urbanos principalmente década 50 intensificação desenvolvimento industrial,argumento,0.7948007349890008
12,logo entrada índio sociedade complicada pois maior parte dessa população estudo torna-se difícil inserção mercado trabalho sobrevivendo alguns casos apenas artesanato mão obra barata carteira assinada sendo assim maioria vive total pobreza áreas ricos possuído grandes dificuldades atendimento saúde devido forte preconceito descriminação sugere dados instituto brasileiro geografia estatística ibge 49 indígenas moram centros urbanos medo represálias tendem negar origens culturais,argumento,0.7206367490100027
12,estratégias governamentais incluem índios possam viver cidades mesmos direitos demais medidas protetivas auxiliem manutenção dessa população suprindo necessidades incentivos acesso saúde leis auxiliem processos regulamentação direitos trabalhistas público assistência meio funcionários saúde promovam ampara-los,PI,0.7638268033990016
13,apesar miscigenação existente povos formadores sociedade nacional noção supremacia branca estrangeira ainda inferioriza identidade indígena após conquista direitos demarcações quais corroboram importância,tese,0.7676540548000009
13,invasão europeus representou início desagregação muitas tribos consequentemente deu origem conflitos referentes demarcação territórios indígenas sinal permanecem tempos recentes dada morosidade fundação nacional índio funai respeito homologação inúmeras áreas destinadas povos nativos contraponto resistência grandes empresários agricultores dessa forma tais disputas indicam reflexo aculturação sofrida índios constante luta enfrentada manterem cultura sociedade contemporânea,argumento,0.7395201146320013
13,apesar avanços legislativos estatuto idoso lei 11645 inclui história cultura afrodescendente indígena grade curricular escolas visão conferida índios permanece socialmente estigmatizada assim concepção generalizada indígena fadado praticas primitivas vida isolado tribos fortificam estereótipos dificultam integração meio coleti,argumento,0.7336396671550003
13,atuação estado valorização índio intuito integra-lo comunhão nacional poder executivo funai têm agilizar estudos demarcações referentes terras indígenas bem intensificar fiscalização policial reservas fim manter defesa certas tribos,PI,0.7903731963440009
13,fim ministério educação mec deve efetivar lei 11645 escolas parceria campanhas midiáticas desmistificam estigmas ligados povos nativos,PI,0.8033186832090016
13,outrossim escassa ação políticas públicas sobretudo voltadas saúde reflete preservação grupos indígenas isolados vez maior vulnerabilidade relação doenças oriundas madeireiros ilegais matas,argumento,0.793484614554001
13,ademais ministério saúde deve fortalecer conselhos saúde especializados índios intermédio capacitação profissionais,PI,0.8016366014070015
14,buscar garantir direitos configura ação ética frente sociedade moderna torna minoria portanto debate demarcação terras normativas constitucionais proteção povos tradicionais etnocídio tematizam exemplos problemáticos brasil,tese,0.783666564010002
14,relatórios acadêmicos universidade federal pará – ufpa mostram impacto grandes construções hidrelétricas tal usina belo monte estado pará denunciam expulsam população indígena naquela localidade dessa forma embora existam órgãos protetores fundação nacional índio – funai direitos previstos desde constituição 1988 situações inconcebíveis acontecem,argumento,0.7634764001190023
14,darcy ribeiro “fomos criamos problema indígena” logo dever estado estabelecer diretrizes constitucionais sérias eficazes povos tradicionais questão direitos reconhecer nação consolida mediante valores históricos disseminação sociocultural povos constituintes,argumento,0.7718040770770009
14,ministério cultura ministro sérgio sá leitão devem elaborar centros especializados monitoramento 24 horas comunidades indígenas espalhadas brasil sendo assim estudantes acadêmicos sociologia história filosofia áreas afins fariam parte desses centros ajudariam desenvolver metodologias protecionistas,PI,0.7842426104670016
14,conseguinte precisa haver diagnóstico situações concretas buscando identificar denunciar descasos sofridos entanto efetividade ações órgãos competentes apresenta deficiências nessas resoluções,PI,0.757256276158002
15,além disso outro desafio comum geralmente população vive locais difícil acesso muitas vezes recebem atendimento médico crianças estudam ensino regular adultos trabalham dificuldade,argumento,0.7602513430180008
15,tecnologia faz tão presente nessas comunidades falta conhecimento inocência causadas negligências estado prestar assistência necessitam faz apresentem ainda retrocesso grande relação população vive cidade,argumento,0.7626683612590008
15,estado tentando igualdade povos mesmos direitos necessário incentivo atenção maior muitas vezes estado faz omisso prejudica desenvolvimento dessa população,argumento,0.7783859306130007
15,ações afirmativas feitas governo grande importância proteção igualdade desses povos indígenas consigam superar desafios forma justa,PI,0.7993579575990015
15,leis rígidas proteção dessa população fiscalização contínua terras desses indivíduos podem positivos,PI,0.7964202354330016
15,dificuldade manter população indígena terras devido pressões feitas fazendeiros posseiros aceitam condição acham possuidores terras indígenas daquele local sendo resguardado direito constituição federal 1988 índios ainda sofrem injustiças,tese,0.765208853426001
15,programas específicos contínuos necessários consiga chegar isonomia,PI,0.8027584341570011
16,patrimônio histórico sendo conjunto bens móveis imóveis naturais possuam valor inestimável população prédios cidades florestas exemplos conceito logo extrema importância preservado vista representa bem inestimável serve meio estudo acerca particularidades cultura povo,tese,0.7622866452890016
16,sociedade guerras dominações vitórias vista acontecimentos ficam marcados obras arquitetônicas confeccionadas durante períodos ratificado exemplo restos muro berlin representa anseios sociais povo alemão durante dominação divisões territoriais sucedeu-se durante guerra fria,argumento,0.7923137630190005
16,legado histórico extrema importância estudo particularidades cultura população através monumentos construções antigas possível encontra traços religião língua cultura sociedade título exemplo vale destacar hieróglifos encontrados pirâmide gize quais relatam história cultura religião povo egípcio particularidades culturais embalsamamentos pessoas morriam,argumento,0.7719619746440024
16,onu organização nações unidas parceria ongs deve meio tombamentos obras forte valor simbólico obras restauração garantir integridade proteção espaços importantes sociedade fim garantir legado histórico estudo sociedades perdido longo anos,PI,0.8067010867540014
16,primeira análise cabe pontuar patrimônio histórico apresenta valor inestimável herança cultural social povo,argumento,0.7796718863950012
17,porque nele reside história vários povos mediante patrimônio material construções obeliscos esculturas museológico acervos documentais possível entrar contato cultura povo portanto estritamente importante preservação patrimônio cultural pois nele possível refletir compreender passado civilização cada geração entra contato museu oportunidade criar novas pesquisas partir objeto documentado coleção erário logo espaço ideal estimular curiosidade debates promover socialização princípios cidadania colaborar sustentabilidade transformações culturai,argumento,0.7215160563410027
17,02 setembro 2018 rio janeiro incêndio destruiu bicentenário museu nacional antes tornar-se instituição pesquisa 1892 ocupado família real 1808 1889 levando ruínas coleção 20 milhões itens museu abarcado brasil pré-histórico período monárquico além inúmeros artefatos diversas culturas mundo sendo perda inestimável somente população brasileira mundial visto milhares pessoas ainda tido oportunidade conhecer museu agora muitas outras,argumento,0.7263717198990032
17,nte após incidente museu rio janeiro necessidade investimentos meio governantes visem proteção monumentos históricos meio fiscalizações instalações elétricas verificação condições estruturais reformas necessárias outros incidentes venham ocorrer necessária maior valorização museus brasil investimento publicidade intermédio propagandas mostre riquezas culturais brasil assim possibilitando maior fluxo turístico aumentando economia país possibilitando população maiores oportunidade conhecer diversidade cultural brasileira,PI,0.7535124904510032
17,tornando-se necessários muitos investimentos financeiros manutenção investir preservação museu,tese,0.8233168715620021
18,ndo pensamento filosófo irlândes edmund burke povo conhece história fadado repeti-la portanto fundamental conhecer história brasileira fim compreender formação sociedade atual nesse contexto entende-se necessidade valorizar agentes históricos nação especial patrimônios materiais representam entretanto sabe-se descaso estatal desconhecimento população brasileira frente composição histórica ameaçam diretamente valorização patrimônio histórico nacional,tese,0.7462384561890028
18,consoante mortimer jerome adler livro “a arte ler” sistema educacional cultura existem tendem perpetuar-se reciprocamente nesse sentido observa-se número brasileiros visitaram museu louvre paris 2017 superior número total visitantes museu nacional ano tal fato deve-se ignorância parte população relação riqueza histórica brasil abordagem abstrata história sala aula limitada livros didático,argumento,0.7249596252310023
18,modo governo deve promover parceria público-privada intuito arrecadar recursos voltados diretamente conservação história brasileira escolas universidades ministério educação deve incentivar visitas museus cidades históricas salvador bahia ouro preto localizada interior minas gerais,PI,0.8133551004460016
18,trimônio histórico nação deve preservado virtude gerações futuras assim processo identificação identidade nacional cada cidadão torna-se dinâmico todavia improbidade administrativa verificada museus bibliotecas outras instituições correspondem patrimônio histórico brasileiro mostra-se ameaça manutenção história brasil incêndio museu nacional falta recursos instituições mostram descaso estatal tocante valorização agentes históricos brasileiros,argumento,0.7586364769920023
19,cabe pontuar patrimônio histórico suma importância desenvolvimento intelectual homem sob ótica célebre frase filósofo immanuel kant “o humano educação faz dele” tem-se elementos históricos- fósseis documentos arquitetura obras- fatores imprescindíveis composição identidade humana visto homem consegue resgatar resquícios origens dessa forma percebe-se impacto positivo acervo histórico causa campo educaciona,argumento,0.7547054657780028
19,convém frisar reparos manutenção desses patrimônios infraestrutura poucos vai comprometendo tornando-se vulnerável impactos antrópicos evidente ocorreu setembro brasil incêndio tomou conta museu nacional rio janeiro evidenciando portanto falta políticas públicas evitar tal desastre sendo assim fragilidade espaços antigos rastilho abandono autoridades públicas,argumento,0.7312701986530027
19,nesse contexto pode-se afirmar incontrovertível participação autoridades públicas manutenção desses patrimônios pois contrário provectos educativos retrocesso,tese,0.7207007196540016
19,governo federal parceria ministério cultura deve ampliar investimentos manutenção infraestrutura instituições históricas gerações futuras possam contato além disso escolas devem promover palestras acerca importância patrimônios históricos formação intelectual indivíduos,PI,0.7690593871530007
20,primeira instância cabe pontuar grande parte conhecimento contemporaneidade devido elementos históricos materiais imateriais escritor gilberto freyre afirmava fim social saber maior futilidades aplicando ideia patrimônio histórico atende objetivo social partir momento permite surgimento teorias levam homem entender cada vez origens exemplo disso teoria evolução charles darwin todo acervo documentos históricos fósseis animais possível continuidade estudos provectos,argumento,0.7479959150640031
20,convém frisar instituições históricas espalhadas todo mundo encontram programas proteção investimentos manutenção grande exemplo emblemático disso ocorreu museu nacional rio janeiro incendiado extinguiu praticamente todos elementos históricos tal acontecimento rastilho abandono autoridades públicas investiram infraestrutura necessária evitar acidentes,argumento,0.7624953715430002
20,faz-se necessária mobilização agentes competentes solucionar problemas supracitados imprescindível governo parceria ministério cultura desenvolva políticas proteção patrimônio permitindo preservação fiscalizando qualquer tipo tentativa depredação vandalismo instalando câmeras vigilantes,PI,0.7919424528990009
20,nesse contexto pode-se afirmar conjunto bens históricos atrelado formação intelectual indivíduo entanto margem investimentos governamentais,tese,0.7654900138130014
21,motores economia país agricultura brasileira conhecida moderna extremamente produtiva entanto produção concretize necessário utilize dentre outros métodos agrotóxicos porém lado uso desses químicos verticaliza produção outro causa problemas saúde humana meio ambiente assim deve fomentado debate consciente tocante uso agrotóxicos brasil,tese,0.7443626535890023
21,segundo dados confederação agricultura pecuária brasil cna uso defensivos agrícolas crucial brasil pois devido forte utilização sistema plantação grandes lavouras áreas agrícolas podem facilmente dizimadas vez única praga sendo assim ainda acordo cna defensivos promovem superprodução alimentos consequente barateamento consumidor final devido oferta abundante além disso grande estoque supre apenas demanda nacional serve reserva capital excedente vendido forma commodities mercado internacional garantindo superávit balança comerci,argumento,0.7094775317919991
21,segundo ong internacional human rights watch hrw número novos casos câncer proporcional aumento uso agrotóxicos,argumento,0.8180687174980014
21,restrito apenas saúde homem impactos ambientais constantes,argumento,0.7820453503770012
21,fica claro portanto necessidade legislação promova ganhos produção tempo evite perdas saúde ecossistema,PI,0.7561827330800012
21,partindo dessa premissa ministério agricultura deve promover através investimentos pesquisa científica desenvolvimento biopesticidas desenvolvendo doenças predadores atacam determinada praga dano meio ambiente homem,PI,0.7902045917520008
21,governo precisa incentivar pequeno agricultor produzir agricultura familiar orgânica rotação culturas,PI,0.807918759860002
22,segundo agência nacional vigilância sanitária anvisa brasil líder mundial uso agrotóxicos totalidade discute questão saúde pública porque relatórios anuais organização nações unidas onu alertam perigos dessas substâncias organismo humano dessa forma tem-se discussão econômica ambiental saúde geram argumentos favor agronegócio outros contra hostilidade tóxica saúde questão colocar equilíbrio problemáticas futuras viabilizar seriedade situação frente populaçã,tese,0.7501456799640019
22,notória precisão aumentar produtividade eliminar pragas plantações todavia iniciativas ecologicamente viáveis gerarem hostilidades longo prazo começando contaminação mananciais peixes toda cadeia produtiva subaquática questão utilizar agrotóxicos barato frente técnicas polêmicas uso biotecnologia transgênicos alimentos geneticamente modificados contradição estará gastos maiores aparecimento novas doenças ainda difíceis curar futuro portanto precisa haver diagnóstico situações concretas buscando equacionar impasses causados ecossistemas constituintes,argumento,0.7299601239699995
22,base nessas considerações necessidade diminuir gradativamente uso permitir cuidados ecológicos junto fauna flora pensar futuro promissor entretanto soluções ainda precisam integrar medidas qualitativas eficazes combate excesso agrotóxicos tanto ministério saúde ministro gilberto occhi devem revisar leis viabilizam entrada desses produtos fim torná-las justas saúde humana,PI,0.7209577459060019
22,embora cientificismo normatize artigos provam malefícios seres humanos sistema informação agravos notificação sinan própria onu relatem prejuízos hormonais psicológicos neurais humanos prevalece ausência ações administrativo-política quais venham inibir demanda tóxica crescente alimentos consequentemente fisiologia seres bióticos abióticos modo geral,argumento,0.7476599141510023
23,pesquisa recente associação brasileira saúde coletiva apontou relação substâncias agrotóxicas doenças cunho grave exemplo câncer infertilidade distúrbios hormonais neurológicos obstante utilização produtos tóxicos alimentação brasileira produtos banidos países china estados unidos mostra lentidão governo brasileiro adoção leis eficientes contra venenos,argumento,0.7811566869810028
23,baixa fiscalização fraco incentivo consumo alimentos orgânicos conscientização precária população consumidora favorecem estado inércia país maneira análoga teoria físico isaac newton país permanecerá mesmos problemas algo suficientemente capaz parar uso defensivos agrícolas agronegócio embora colabore sucesso plantações comprovadamente prejudicial saúd,argumento,0.7369204989690022
23,primeiramente ministério agricultura pecuária abastecimento deve investir adubamento natural economicamente viável pode lucrar dobro agronegócio conseguinte ministério pode investir programas sociais fim incentivar cultivação hortaliças residências populares visitação feiras agroecológicas aumentando uso adubamento natural agricultura familiar,PI,0.780308473363002
23,literatura brasil destacando maiores utilizadores agrotóxicos agricultura contaminando organismo milhões pessoas sendo responsável surgimento agravamento diversas enfermidades,tese,0.8018930691600015
24,teoria demográfica thomas malthus afirmava produção alimentos acompanharia crescimento populacional levaria grande calamidade mundial contudo revolução verde caracterizada desenvolvimento insumos agrícolas aumentou produção alimentícia porém favorável ingerir agrotóxicos diariamente benefício agricultura,tese,0.7434905957430004
24,indubitável problema fome solucionado visto dificuldade maior produção sim distribuição alimentos além disso brasil países consomem agrotóxicos uso desses insumos acarreta alergias intoxicações doenças graves câncer ademais poluem águas solo leite materno pode-se afirmar dessa forma uso desses venenos configura perigo sociedade meio ambient,argumento,0.7341989622780006
24,complexa substituição alimentos contaminados outros livres pesticidas produtos orgânicos caros inacessíveis maioria população porque incentivo parte governo produção consequentemente têm capacidade competir mercado luta desigual bolso saúde povo brasileiro população muitos ainda passam fome conseguirá optar alimentos orgânicos,argumento,0.7541593847620002
24,torna-se necessário governo invista através incentivos pequenos produtores alimentos orgânicos fim baratear produção desses alimentos além preciso criada legislação ambiental brasileira emenda estabeleça empresas agrícolas limite uso herbicidas pesticidas plantações favorável saúde meio ambiente empresas brasileiras ti tecnologia informação financiadas governo federal poderiam elaborar aplicativos divulgassem locais venda produtos orgânicos assim análise preços dessa forma qualidade alimentação acessível povo brasileir,PI,0.7526626546380039
25,faz-se mister conciliar interesses dessa nova lei passo uso desses produtos químicos melhora produtividade concomitantemente provoca impactos meio ambiente seres vivos,tese,0.7939397045430023
25,agricultura atividade dentre tantos benefícios tirou condição nômade homem permitiu fixar local,argumento,0.7758647348790015
25,viver harmonia meio ambiente tido habilidade espécies,argumento,0.8157000965250012
25,uso agrotóxicos qualquer tipo regulamentação fere princípio harmonia,argumento,0.7901592063180015
25,incontrovertível regulamentação lei uso desses produtos químicos amenizar efeitos nocivos natureza seres vivos,argumento,0.7886586646270011
25,uso agroquímicos plantações traz melhora significativa produtividade,argumento,0.8061670603330011
25,notório erro proibir uso desses defensivos acarretaria perda produção alimentos,argumento,0.8007695885870013
25,imprescindível autoridades públicas reúnam representantes bancada ruralista ambientalistas debater problemas benefícios ambos lados fazer partes desses interesses prevaleçam,PI,0.8031396622120021
25,ministérios competentes devem fiscalizar indústrias alimentação comuniquem população meio informações embalagens uso desses defensivos,PI,0.808469513329001
26,medidas enérgicas necessárias tirar atual cenário inércia,PI,0.8093316053320012
26,governo federal parceria ministério educação promova políticas públicas voltadas promoção palestras dinâmicas acerca doenças sexuais escolas,PI,0.8098657752570015
26,mídia vez principal veículo informação junto governantes deve propagar campanhas publicitárias formas proteção alertar jovens consequências forma torná-los conscientes responsáveis,PI,0.788548859508002
26,vale destacar dois pilares fundamentais dirimir alta incidência dessas moléstias educação mídia quais atualidade pouco relacionadas função,tese,0.7815278753100016
26,cabe pontuar educação alicerce sociedade deve alcançar fim social pois contrário torna fútil,argumento,0.7435531208980012
26,percebe contemporaneidade educação atendendo função,argumento,0.8260334613050015
26,perceptível aumento taxa infectados jovens 15 19 anos idade passou 2 4 6 9 mil habitantes 9 anos,argumento,0.773480352630002
26,evidencia pouca atuação educação tendo tentativa erradicar doenças público jovem,argumento,0.8097388330000013
26,outra ferramenta bastante eficaz combater tais doenças recurso midiático,argumento,0.788662821148002
26,percebe-se escassa atenção mídia frente questão pouco discute efeitos alta incidência dessas doenças,argumento,0.7956929724170012
26,faz-se necessário presença maior quarto setor combate dsts,argumento,0.8153114277000015
27,necessário entender porquês criar estratégias efetivas combate fantasma assombra população desde 1500,tese,0.7870870715930015
27,brasil questões voltadas sexo ainda tabus,argumento,0.8025320991610013
27,apesar informações estarem disponíveis auxílio internet muitas informações equivocadas circulam,argumento,0.7777755626600016
27,vergonha alidada preconceito faz juventude queira procurar pais ficam mercê informações muitas vezes erradas,argumento,0.7688408393860009
27,políticas combate existentes sensibilizando jovens deveriam,argumento,0.8308430742710013
27,preciso alertar perigos sexo proteção enfatizar importância buscar diagnóstico tratamento precocemente,argumento,0.791667390165002
27,ministérios saúde educação devem criar campanhas envolvam ida profissionais saúde escolas explicar importância usar preservativo procurar tratamento notar alterações corpo,PI,0.793248265297002
28,brasil aumento número adolescentes infectados dsts doenças sexualmente transmissíveis levanta discussões maneiras eficazes prevenção tratamento informação juventude século xxi,tese,0.8051150953910007
28,aumento expressivo brasileiros 15 19 anos infectados,argumento,0.809853630640001
28,elevação dessa taxa pode explicada ausência medidas eficazes acompanhem mudanças comportamentais jovens século xxi,argumento,0.7945628237270009
28,campanhas outras formas prevenção todas dsts portanto devem reformuladas integradas ainda âmbitos virtuais,PI,0.7668733508660012
28,ministério saúde exemplo pode investir criação posts educativos através perfis instagram,PI,0.815230388600002
28,mitigar falsa ideia alguns jovens ainda possuem coquetel azt cura aids,PI,0.771067230397002
28,biblioteca virtual saúde dsts transmitidas principalmente contato sexual uso preservativo pessoa infectada geralmente manifestam meio bolhas feridas corrimentos,argumento,0.799299241680002
29,combater aumento dsts jovens brasil,tese,0.8373015858390015
29,número jovens infectados dsts doenças sexualmente transmissíveis verticalizado,tese,0.8220634795220015
29,aumento número jovens acometidos doenças sexuais reflexo direto queda campanhas eficientes preservação estímulo prática sexo seguro,argumento,0.8007139698700015
29,atingir jovens século xxi propagandas devem incluir novas mídias sociais exemplo internet,argumento,0.7936596731540015
29,bastasse falha governamental difundir esclarecimentos pais sentem dificuldades hora tratar tema filhos,argumento,0.8077101877910016
29,urgência combater mau,argumento,0.8194250966030016
29,governo precisa parceria ministérios saúde telecomunicações realizar parcerias público-privada disponibilizando anúncios prevenção novas mídias,PI,0.8267049003250009
29,ministério educação mec deve proporcionar palestras escolas temas saúde sexual abrindo espaço pais acompanhem infantes adolescentes durantes discussõe,PI,0.804062937282002
29,união pais alunos escola torna tema menos incômodo fácil debatido além dar sensação assunto sério precisa abordado desde infância repassado geração geração,PI,0.779313112781001
29,segundo organização unaids brasil figura atualmente primeiros lugares ranking países apresentam novos casos aids outras dsts,argumento,0.8131191514090016
29,aliado eficiência coquetéis antivirais faz adolescentes ideia errada aids problema superado infectados dsts podem levar vida longa temor males doenças provocam,argumento,0.7900550943040023
30,indubitável medidas provindas ministério saúde ministério educação combater aumento dsts jovens brasileiros,tese,0.8242419525120015
30,tendo vista números crescem dia após dia desinformação jovens fator preponderante aumento desses números,argumento,0.8018837957530012
30,visível nível desinformação população jovem pois envolvem alguém momentaneamente maneira inconsequente,argumento,0.708896775275002
30,esclarecer jovens uso camisinha vai além prevenção gravidez indesejada,PI,0.780438320477002
30,necessário contato pessoas convivem tais doenças possam entender dsts tão devastadoras qualquer outras enfermidades,PI,0.7694646054970009
30,grande número portadores devido conhecimento doença reforça ainda importância informação,argumento,0.7643063622280014
30,necessário ministério educação proponha debates psicólogos possam discutir respeito impasse saúde brasileira,PI,0.8078474984370015
30,importante ministério saúde intensifique número campanhas prevenção meio meios comunicação,PI,0.8212433614710013
31,liquidez humana pressão social fatores configuram continuidade dessa problemática,tese,0.792588547634002
31,modernidade líquida fato responsável permanência suicídio,argumento,0.8115073166440013
31,contemporaneidade relações interpessoais efêmeras,argumento,0.8299963684000016
31,falta interação resguardo sentimental podem provocar desenvolvimento danos psíquicos situações alarmantes causam ato suicida,argumento,0.7947077887140009
31,pressão coletiva desampara jovens,argumento,0.8232875997480016
31,fato social nomeia coercitivo induz confirmação desses regras sociedade,argumento,0.799254120637002
31,cabe governo federal meio ministério saúde parceria escolas postos saúde direcionar profissionais saúde mental psicólogos psiquiatras contratados concurso público fim tratar orientar debater alunos pais todos frequentadores desses âmbitos fatos supracitados,PI,0.8062855799200006
31,ministério comunicações cabe elaborar campanhas mediáticas consequências causadas pressão social indivíduo propósito desempenhar reflexão imbróglio,PI,0.7959235821090014
31,nesse contexto suicídio ainda visível sociedade hodierna,tese,0.7685186053860011
31,ocorre porque sociedade determina costume estar mercado trabalho faculdade exerce pressão mormente jovens atingirem metas,argumento,0.7590022945980013
32,torna-se imprescindível analisar possíveis razões cenário perturbador,tese,0.7947271216980011
32,vulnerabilidade saúde mental jovem tornando-o suscetível patologias depressão podem levar suicídio tratada,argumento,0.7959161376050016
32,significância bem-estar psicológico portanto deve menosprezada,argumento,0.7546442877260013
32,juventude si racionalizada causa alterações hábitos níveis elevados estresse pais professores,argumento,0.8087033639650019
32,falta informação acerca sinais depressão ansiedade corrobora assim número casos suicídio,argumento,0.7697398501120019
32,suicídio juvenil país problema cuja solução requer medidas visando amparo psicológico adolescentes,argumento,0.7824690377760015
32,mister estado torne obrigatória assistência psicológica instituições ensino públicas privadas ensino médio superior,PI,0.8277259500840011
32,escolas devem realizar palestras informativas voltadas pais conscientizando-os sintomas comuns depressão fatores risco suicídio,PI,0.7965219746250009
32,ultrarromantismo corrente literária século xix caracterizava-se desilusão adolescente obsessão morte,tese,0.8306641430030014
32,traços dialogam forma inquietante realidade contemporânea brasileira autocídio terceira maior causa óbitos jovens segundo oms organização mundial saúde,tese,0.7944031356820019
32,princípio deve-se considerar ainda segundo oms 90 casos suicídios ligados transtornos mentais,argumento,0.7672275236640015
32,disse platão viver bem importante simplesmente viver,argumento,0.8033210912900013
33,saúde mental influências contemporâneas suma importância decisão tirar própria vida,tese,0.8077303268130014
33,saúde mental fator extrema relevância vida indivíduo vive sociedade,argumento,0.7937097806170019
33,problemas depressão relacionamentos situações desfavoráveis gatilho óbito escolha plausível,argumento,0.8066146745550019
33,vivemos mundo globalizado cresce exponencialmente número influenciadores,argumento,0.8315299046280011
33,importante ambientes trabalho escola promovendo socialização todos,PI,0.8156182515510012
33,policiamento pais jovens internet qualquer tipo apologia erradicada,PI,0.8103326562250016
33,problema suicídio jovens brasileiros importante deve combatido sociedade,argumento,0.8048566135810016
33,medidas devem tomadas promover socialização grupos apoio precisam melhorar saúde mental limites menores internet importante policiamento agências tudo suicídio assunto,PI,0.774367376933002
33,filme “como salvar vida” podemos observar bullying prejudicial saúde mental,argumento,0.7983555814610014
34,observa-se sociedade impõe inúmeras exigências jovens,argumento,0.8140537478910014
34,muitos jovens conseguirem atender “suas obrigações” frustram-se julgam-se inúteis meio vivem sofrendo posteriormente problemas depressivos,argumento,0.7683587533790013
34,observar causas sofrimento muitas dessas relacionadas excessiva pressão social tais indivíduos quais têm buscado atentado contra própria vida fuga desafios,tese,0.781996296682002
34,últimos anos vêm sendo marcados jovens atentam contra própria vida ponto número incidências dessa natureza tornar tamanho,argumento,0.7717682123830015
34,muitos jovens julgados escolhas divergirem padrões estabelecidos dignos corretos meio social,argumento,0.807276049810002
34,homossexualidade onde observados inúmeros jovens depressivos devido bombardeios preconceituosos,argumento,0.793009297481002
34,contínua pressão social psicológica jovens elevado nível sofrimento depressão raro suicídio,argumento,0.8050144490320019
34,precisa derrubada meio maior diálogo jovens responsáveis maior preparação destes lidar tais situações estímulo respeito compreensão próximo,PI,0.7880760290300015
34,responsáveis ainda despreparados tais ocasiões maioria vezes vendo-os apenas seres preguiçosos “cheios frescura”,argumento,0.7594507158990011
34,dois primeiros exemplos estilos vestuário alimentação muitos jovens sofrem bullying optarem vestimentas consideradas sociais dito estilo gótico simplesmente aderirem alimentação saudável vegana sofrendo conseguintemente ataques preconceituosos,argumento,0.7960454697700007
35,tornado cada vez frequente ocorrência suicídios sociedade principalmente adolescentes jovens,argumento,0.8065802883530014
35,tal realidade poderia evitada pequenas percepções pessoas próximas pais familiares professores colegas classe quais atentam mudança comportamental vítima proporcionam auxílio necessário,tese,0.7784487910770023
35,muitos casos violência ignorados pessoas assistem,argumento,0.8066207437850014
35,percebe-se padecente fica exposto atos sociais causando indignação raiva desgosto ambiente frequenta,argumento,0.7832587244250016
35,muitos casos suicídio poderiam evitados caso conhecimento situação indivíduo encontra,argumento,0.7649976126320013
35,mudança comportamento demonstrada através isolamento consumo álcool drogas ilícitas ainda agressividade,argumento,0.7782872321330019
35,suma importância todas pessoas estarem atentas comportamento familiares fim poder agir evitar tragédias levando-as tratamentos acompanhamentos especialistas psicólogos,PI,0.794723503726002
35,escolas meio palestras atividades extracurriculares devem tratar tema maior seriedade corrigindo posturas violentas advertindo solução tal problema,PI,0.7903571878610015
35,sente constrangido situações agressões físicas verbais psicológicas devem procurar assistência autoridades através queixas,PI,0.7867284951400011
35,processo educação deve-se começar base moldando pensamentos crianças cresçam dignidade respeito próximo,PI,0.7974505331080015
35,2017 série 13 reasons why - série americana relata violência sofrida estudante deixa gravado treze motivos levou suicidar - fez mundo olhasse cautela problema adquirindo apoio comunidade internacional certamente evitou muitas tragédias poderiam ocorrer caso passassem despercebidas,argumento,0.752787022223002
36,problemática atual fake news trazem distorção realidade prejudicam indivíduo leitor,tese,0.8018109502000014
36,saber sempre atrelado inúmeras realizações humanas cunho científico religioso antropológico político-econômico,argumento,0.801739021595002
36,conhecimento possibilitou humanidade conhecer complexos vida permitiu difusão informações mundo,argumento,0.7838575161320014
36,discutir acerca cenário formalizar reflexão negativas quais cidadão enfrentará,argumento,0.7936838660210019
36,percebe-se quão difícil situação daqueles buscam informações verdadeiras,argumento,0.7721121109130015
36,combate notícias falsas começa partir momento caráter sensibilidade próximo acima simples conscientização,argumento,0.7834133697650015
36,constata-se influência digital mundo moderno uso fins maliciosos dentro dessas plataformas gerar informações dúbias contexto,argumento,0.8043807279050013
36,pertinente corpo escolar desenvolver projetos junto comunidade venham discutir importância buscar conhecer fontes noticiários propagandas,PI,0.8098215394110013
36,portanto questão conjuntural efetiva injusta principalmente tempos eleições presidenciais cujas propagandas exemplo eleições estados unidos 2016 utilizaram informações hipócritas difamar oponente construindo dessa maneira ambiente antiético conflituoso cheio discussões xingamentos desnecessários,argumento,0.7368329008720006
37,contemporaneidade fakes news afetam modo extraordinário rotina brasileiros,tese,0.8111425420190016
37,hoax notícias falsas mudam pensamento leitor,argumento,0.8191241617930014
37,próprio canal deveria informar população possui objetivo contrário manipulação,argumento,0.783423957213002
37,mídias sociais extrema importância ano eleitorais pois têm objetivo potencial massificação determinada informação atingindo grande público leitores,argumento,0.7503166447820016
37,faz mídias sociais campo ideal político utilizam hoax disseminarem conteúdo ideológico político cultural verdadeiro,argumento,0.7864260190490011
37,governo meio ministério comunicação aliado meios disseminação massa rádio televisão internet deve informar população analisar informações notícias recebidas,PI,0.812169177286002
37,cabe indivíduo social voluntário fiscalizar determinado canal possui alguma notícia falsa caso possua denunciar ministério público mp meio social altruísta principalmente verdadeiro,PI,0.7566211219230012
37,mito caverna filósofo platão afirma morador sair ignorância dever avisar indivíduos verdade esclarecer determinado fato existe,argumento,0.7653601803990016
38,problema disseminação massa notícias falsas muitas vezes prejudicam cobertura profissional imprensa principalmente ano eleições presidenciais,tese,0.7935721122530014
38,todos filtram conteúdo recebem interpretam notícia candidato leem final compartilhando informações falsas criando enorme cadeia mentiras sistema global redes computadores,argumento,0.7989503410220019
38,realidade política pós-verdade relevância notícias falsas aumentou,argumento,0.8056657958780012
38,reforçam algum ideal político ajudando fortalecer crenças geralmente apelativas emocionalmente,argumento,0.7770337891650014
38,vê-se aplicação distribuição deliberada conteúdos falsos boatos internet,argumento,0.8063720607900016
38,estado meio criação comitê checar informações falsas veiculadas internet pode informar empresa responsável hospedagem site consequência bloquear fonte renda indivíduos fazem tipo ação,PI,0.7965078069780007
38,sociedade deve colaborar capacitando cidadãos através oficinas cursos gratuitos identificar filtrar conteúdos falsos web,PI,0.8028453952910009
38,cabe mídias sociais auxiliarem usuários conscientizando quanto compartilhamento boatos mentiras rede denunciando notícias falsas spam punindo autores bloqueio contas respectivas redes sociais,PI,0.7884551838590012
38,patrocinadas pessoas envolvidas adversários políticos financiadas indústria cliques criada grandes plataformas propaganda digital,argumento,0.8304530886290011
38,incomum diariamente receber informações inverídicas via redes sociais apesar mídias socias serem usadas ferramenta trabalho jornalistas,argumento,0.8022242601500016
39,preciso enfrentar fenômeno propagação notícias falsas pois contrário decisões desprovidas senso crítico irão compor cenário eleições presidenciais,tese,0.7593649950280015
39,viralização informações equivocadas meios comunicação “aprisiona” indivíduo,argumento,0.8135762721520011
39,cegueira intelectual assola cada vez país,argumento,0.8059773653230013
39,propagação conteúdos errôneos corrobora geração pessoas visões restritas preconceituosas,argumento,0.812266875338002
39,disseminação desses conteúdos equivocados pode usado tática favorecer determinadas ideologias pessoas visam cargos políticos,argumento,0.7779090952420009
39,notícias midiáticas reguladas podem impactar decisões eleitores sobrepondo pensamento críticos desses,argumento,0.797301231102002
39,imprescindível portanto órgãos governo criem projetos lei tange criminalização notícias falsas punição propagadores dessas notícia,PI,0.7745868986250014
39,setores educação- escolas universidades- principais meios instrução devem instigar jovens buscar informações diferentes fontes notícias meio indicação sites confiáveis diversos,PI,0.8090810914320019
39,notório durante eleições atual presidente estados unidos donald trump quais difundiu diversas notícias enaltecedoras líder seduzindo eleitores duas decisões segundo site notícia el país,argumento,0.7938383264120008
40,campo midiático potencial manipular opinião pública trazendo consequências decisões eleitorais enfraquecimento democracia,tese,0.8079566793780015
40,uso poder informação favorecer líderes políticos algo recente,argumento,0.7784158468460015
40,necessidade culto líder corrobora alterações informações forma ampliar impacto dessa propaganda opinião pública,argumento,0.7998876775990011
40,prática modificar notícias favorecer determinados interesses abre portas novo fenômeno contemporaneidade,argumento,0.8026827720020019
40,fenômeno justifica grande parte impasses políticos,argumento,0.8140529256170013
40,decisões políticas vão perdendo caráter democrático dando espaço viés oligárquico favorecendo poucos,argumento,0.7942565069530015
40,imprescindível autoridades poder legislativo elaborem projetos lei voltados fiscalização punição plataformas midiáticas permitem propagação informações manipuladas fito evitar tal difusão,PI,0.7883954910440019
40,escolas meio educadores devem orientar educandos selecionar determinadas notícias maneira instigá-los procurar diferentes fontes analisar veracidade sempre buscando manter posicionamento crítico,PI,0.7714182500770024
40,desde século xx durante guerra mundial principais ferramentas divulgação enaltecimento ideologia nazista propagandas televisivas jornalísticas quais difundiam informações cunho político ideológico favorecer imagem presidente,argumento,0.8106525856850006
40,tal situação evidente sociedade perde liberdade pensar si diante meios digitais cada vez bombardeiam informações fim fazê-los pensar maneira desses portanto beneficiar interesses particulares exemplo obter êxito cargos liderança,argumento,0.745113775156001
41,frequentes casos preconceitos sofridos negros mostram grupo ainda experimenta direitos existentes,tese,0.7877383134850019
41,fator histórico determinante construção figura negro brasil,argumento,0.8303799828870012
41,conjunto fatores contribuiu construção sociocultural grupo longo tempo refletindo problemas sociais passam atualmente tais preconceito racial exclusão social,argumento,0.757293851299002
41,empecilhos mantidos passado manifestam outras formas dias atuais,argumento,0.8125655190030016
41,alta incidência violência negros evidenciados estatísticas afirmam cada dia 66 óbitos grupo,argumento,0.8010864130770015
41,vê-se permanência abandono marginalização comuns período escravidão,argumento,0.8222362048440012
41,ministério educação mec promova investimentos inserção conteúdos didáticos currículo escolar acerca papel importante negro representou construção sociocultural país,PI,0.773809157914002
41,poder legislativo meio autoridades devem ampliar cotas raciais universitárias bem acréscimo vagas campo profissional,PI,0.7983331653580009
41,efeito necessário entender origens problemática posteriormente buscar caminhos combater efeitos,tese,0.7939422086520014
41,pode notório partir chegada grupo terras brasileiras trabalhar escravos submetidos condições precárias desde viagem- chamados navios negreiros- instalação ambientes conhecidos senzalas segregados convívio social restante sociedade,argumento,0.7950367759720007
41,outrossim além castigos corporais trabalhos compulsórios ocupavam base pirâmide hierarquia social,argumento,0.7848749547620019
41,exemplos disso desigualdades oportunidades refletem pequeno número negros universitários sendo composição brasileira majoritariamente preta parda,argumento,0.7790199720340013
42,afrodescendentes brasileiros atualidade têm duplo desafio lado fugir estigmas sociais impostos raça outro lado afrontar preconceito racial velado existente sociedade brasileira,tese,0.800182489528002
42,abolição escravidão ocidente determinada menos inspiração ideais humanistas necessidade nações recém-industrializadas mercado consumidor amplo,argumento,0.782334227583001
42,embora estatuto igualdade racial exista desde 2010 dados recentes onu organização nações unidas afirmam cada 23 minutos jovem negro morto brasil,argumento,0.7512815962480024
42,obstáculos vida pessoa afrodescendente - violência - vitimiza sobretudo membros dessa etnia,argumento,0.7930965508510013
42,problema agrava ainda força policial estatal causadoras agressões infligidas contra população,argumento,0.7949357247320019
42,preconceito étnico implícito sociedade brasileira outra mazela pessoas negras deparam,argumento,0.8087180298790013
42,tipo racismo manifesta forma agressiva violenta injúria racial pode verificado várias situações cotidianas,argumento,0.7885077770180011
42,afrobrasileiros enfrentam tempo desigualdade social racismo velado,argumento,0.8150256783890011
42,imprescindível estado brasileiro amplie número vagas universitárias destinadas membros população negra,PI,0.816414443076002
43,racismo ainda existe país muitos passos devem dados alcançar atenuaçã,tese,0.7571198609330013
43,população negra brasileira desde liberta escravidão exposta condições socioeconômicas secundárias levou margens sociedade,argumento,0.8006351715280011
43,atual cenário coberto desafios enfrentados negros brasil fruto construção histórica reflete ainda hoje,argumento,0.7999749103980012
43,panorama visto notícias relatadas mídia pesquisas realizadas apontam desigualdades correntes frente população preta parda brasileira,argumento,0.8244241209790013
43,tudo fruto racismo imputado indivíduos ainda faz latente país cuja população composta 55 pessoas pretas pardas,argumento,0.7403250048720015
43,mostra contraste social visível complexo superioridade brancos relação negros preconceito velado,argumento,0.805369472847002
43,observa-se racismo real caminhos enfrentá-lo longos árduos impossíveis,argumento,0.7939044984700016
43,essencial papel escola conjunto família refere ensinar pessoas desde criança respeito próximo fazendo-as entender todos iguais independente cor,PI,0.7857896306470019
43,reforço parte estado formulação ações afirmativas cotas exemplo dá visibilidade acesso pessoas pretas pardas situação vulnerabilidade socioeconômica ambientes universitários,PI,0.7917835095990008
43,mídia forte aliada luta contra discriminação racial meio propagandas reforcem igualdade qualquer cidadão,PI,0.8051080154220012
43,periferias cidades exemplo tornaram-se locais majoritários habitação,argumento,0.826349637383001
43,além disso escravo recém-liberto dificuldade conseguir emprego remunerado absurda pois sociedade maioria tratava repúdio,argumento,0.7174352029970009
43,entretanto constituição federal 1988 garante todos indivíduos iguais perante lei estando sob mesmos direitos deveres,argumento,0.7588238687880015
43,segundo mapa violência homem negro possui 12 vezes chances vítima assassinato comparado branco,argumento,0.7838069687000012
44,acabar problemática envolve mudanças vários âmbitos sociedade fim igualdade racial possa prevalecer,tese,0.7849849879460015
44,formando maioria hodiernamente ainda sofrem preconceito discriminação exclusão social,tese,0.778809195308002
44,notam-se desafios mercado trabalho geralmente negros ocupam posições menos privilegiadas mal remuneradas,argumento,0.7903551310870016
44,falta oportunidades crescimento profissional oferecidas população negra fomenta tal segregação,argumento,0.7986643849940014
44,inclusão cada vez negros cargos formados majoritariamente brancos forma mudar cenário hodierno garantir representatividade grupo,argumento,0.7985487998600014
44,negros ainda sofrem diariamente violência física verbal tanto convívio social quanto através internet dificilmente amparados leis,argumento,0.7477064604500016
44,amparo legal eficiente pode atenuar práticas racistas,PI,0.7921818303390012
44,desafios enfrentados negros concentram-se diversas esferas sociedade,argumento,0.8185655704060011
44,necessidade intensificação criação leis severas meio governo federal amparem crimes específicos contra negros país,PI,0.8118035031610009
44,caso apresentadora maju coutinho sofreu ataques racistas rede social 2015 apontou tal problemática raramente agressores definitivamente punidos,argumento,0.7536601571320015
44,dessa forma possível progressivamente acabar descriminação preconceitos contra população negra país bem colocar prática ideais revolucionário martin luther king “eu sonho sonho ver filhos julgados personalidade cor pele”,PI,0.780639615182001
45,preciso analisar base sociedade brasileira educação influenciaram problemática questão,tese,0.786276699730002
45,país bate recorde refere discriminação racial,tese,0.8240970920340013
45,desde primórdios sociedade possível perceber preconceito presente mundo inteiro,argumento,0.802640135472002
45,situação estende dias atuais,argumento,0.8106882602880016
45,educação fator determinante nessa problemática,argumento,0.8127137597520016
45,questão discriminação racial deve revista,argumento,0.8080384122900015
45,indubitável governo derrube concepção supremacia racial meio políticas públicas programas infantis torne penas racismo severas,PI,0.8065171498090012
45,preciso alto investimento capacitação professores estruturas escolas materiais oferecidos alunos,PI,0.8263163722640013
45,assim nelson mandela dizia “ninguém nasce odiando outra pessoa cor pele origem ainda religião”,argumento,0.745976533603001
45,odiar pessoas precisam aprender podem aprender odiar podem ensinadas amar,argumento,0.8032255187660019
46,necessitando medidas crime extinto sociedade ambiente social passe saudável harmônico,tese,0.8018185953740014
46,notável herança cultural patriarcal brasil afeta cotidiano várias mulheres,argumento,0.813448643673002
46,relacionado feminicídio adianta criar várias leis barram concepção patriarcalista fazer devida fiscalização modo correto gerando feito vago,argumento,0.7633982587780016
46,assassinatos mulheres brasil ganharam pauta veículos disseminação massa,argumento,0.8063593473890015
46,extrema importância televisão rádio canais informem população relevância medidas contra crime meio debates públicos eventos culturais,PI,0.8198944327320016
46,medidas governo mídias sociais precisam estabelecidas feminicídio extinto sociedade,PI,0.817364995887002
46,governo meio ministério justiça adjunto política nacional enfrentamento violência contra mulheres débito garantir praticam tais atos devidamente punidos brasil,PI,0.7975871871860007
46,meios comunicações massa associados voluntários podem distribuir panfletos locais grande movimentação pessoas informando importância denúncia meio chegar bem estar social,PI,0.794859574971002
46,filósofo alemão christoph turcke afirma faz propaganda comunica,argumento,0.8185410524550015
47,sociedade culturalmente patriarcal arraigada machismo preconceito conservadorismo faz-se necessário debates violência contra mulher métodos maiores probabilidades resolver empasse,tese,0.794288316350002
47,taxa homicídios estupros violência doméstica altíssima brasil,argumento,0.8373114611710011
47,muitas mulheres vivem anos nesse contexto inúmeros motivos,argumento,0.7900759321250016
47,lei responsável evitar milhares casos violência doméstica país,argumento,0.8175673140550015
47,deveria oferecido apoio multidisciplinar inclusive psicológico financeiro mulher possa tomar decisão romper relação abusiva condições manter,PI,0.7757165901900016
47,torna-se necessário mecanismos eficazes defesas mulheres desde treinamentos policiais melhor acolhimento assistência psicológica tanto vítima quanto agressor,PI,0.7718670865490016
47,sensibilização intermédio meios comunicação tevê através novelas,PI,0.8303040015350012
47,necessário mudança ensinamentos crianças realizadas somente escolas lar,PI,0.8015447341070016
47,necessário palestras psicólogos professores forma orientar pais educar filhos maneira igualitária,PI,0.810181802444002
47,deve ensinamentos conservadores passados gerações mulheres educadas serem submissas homem líder casa alguns casos padrão pode possibilitar desvalorização mulher aparência física passividade meio agressões físicas humilhações difamações,argumento,0.7911255712410004
47,violência pode advir companheiro ex-companheiro familiares,argumento,0.7975949109550013
47,muitas mulheres sofrem violações desconhecidos lugares públicos argumento usa-se vestimentas curtas locais impróprios horários,argumento,0.8007626986520009
47,tratadas meros objetos descartáveis agressor ignora qualquer trauma advindo episódio,argumento,0.7902504770380013
47,fala jean-paul sartre “a violência maneira manifesta sempre derrota,argumento,0.7907539917210019
48,apesar criação leis punem violência gênero índice mortes mulheres país ainda alto precisa combatido,tese,0.776527859604001
48,brasil ocorrem inúmeros casos violência mulher resultantes morte caracterizando feminicídio,argumento,0.7847680983020013
48,dados alarmantes resultados herança cultural homem acredita dono mulher deve estar sujeita cumprir ordens,argumento,0.7938248138170009
48,existe discriminação gênero tendo exemplo desigualdade assédio agressão verbal,argumento,0.793357642148002
48,maioria casos feminicídio cometidos próprios familiares cônjuges ex-parceiros vítimas,argumento,0.813243888980002
48,ressalta importância denúncia maioria vezes negado vítima viver constantes ameaças diversos tipos violência,argumento,0.7933472983290011
48,grande importância governo desestruturar dogmas machistas meio leis visem igualdade direitos salários iguais homens mulheres,PI,0.7994799342210014
48,expor assédio diversos tipos tipos violência agressão verbal crimes puníveis multa prisão,PI,0.8087367962990016
48,criação campanhas publicitárias massa mídias alertando informando denunciar orgãos especializados,PI,0.8316007042590013
48,acordo organização mundial saúde oms número mulheres mortas média 4 8 cada 100 mil habitantes,argumento,0.8136089889470013
48,tais crimes cometidos contra mulheres ocorrem frequência podem observados diversos locais emprego esportes igrejas,argumento,0.7877027222600009
48,ainda casos mulheres dependentes financeiramente atacante acreditam caso indivíduo preso podem passar dificuldades financeiras resultando omissão denúncia,argumento,0.7534101977660016
49,feminicídio brasil representa novo fator combatido figura feminina,tese,0.8015648623430016
49,violência contínua contra mulher além fruto herança histórica dá cultura machista ainda impera tempos atuais,tese,0.7649413060240013
49,atitudes discriminatórias contra mulher recorrentes antiguidade,argumento,0.8236270386110014
49,preciso desconstruir ideia preconceituosa espaço mulher deve necessariamente inserida,PI,0.776028604957002
49,supremacia masculina ainda forte atualidade bem sentimento propriedade mulher mulher refletindo portanto ações violentas,argumento,0.7623869466550012
49,luta feminina busca maior independência proteção contra agressões ainda realidade,argumento,0.7949368573570014
49,autoridades políticas meio verbas leis invistam órgãos denúncia bem agentes segurança mulher forma melhorar atendimento atuação desses funcionários contratação profissionais polícia capacitação,PI,0.807954435376001
49,educação meio aulas didáticas escolas deve ampliar conhecimento educandos acerca igualdade gêneros,PI,0.8096946539400015
49,comprova-se fontes históricas bem artes quais nítidas música “mulheres atenas” compositor chico buarque evidenciam submissão figura feminina ordens masculinas quais resumiam cuidados lar filhos,argumento,0.8043111659710009
49,notório dados divulgados oms- organização mundial saúde- quais afirmam cada cem mil mulheres quase cinco mil assassinadas brasil,argumento,0.810313103244002
50,aspectos devem considerados relação legado histórico-cultural desrespeito leis,tese,0.8047431547560016
50,violência abusos sofridos mulher problemas recorrentes brasil,tese,0.8280338673890011
50,mulheres vítimas contexto histórico-cultural machismo enraizado sociedade forma implícita,argumento,0.8074756287190019
50,acaba tornando-se ineficaz falta esclarecimentos,argumento,0.8143855776700016
50,muitas mulheres têm medo denunciarem agressores sofrerem ainda violência,argumento,0.779578576891002
50,dever estado proteger mulheres leis punições severas campanhas esclarecimentos tais leis principalmente programa eficaz proteção mulheres vítimas agressão fazem denúncia direito acompanhamento psicológico,PI,0.7939544202090008
50,assim maior investimento educação intuito formar cidadãos conscientes comprometidos garantir bem-estar próximo,PI,0.7793002587980016
50,segundo história mulher sempre vista inferior relação homem pode-se comprovar fato terem direito voto escolaridade ingressar mercado trabalho outras coisas tempo oposto,tese,0.7825434156930009
50,parâmetros definem violência doméstica contra mulher vez estabelecidos lei maria penha desde 2006,argumento,0.8045424902080012
50,acometedores muitas vezes desinformados quanto lei acabam saberem podem seriamente punidos tais atos,argumento,0.7524644705790011
51,segundo organização nações unidas – onu “a problematização criminalidade jovens brasil tangencia fatores sociais econômicos políticos acima tudo educacionais”,nao_argumento,0.783608116009002
52,logo questão sistêmica agregar deficiências sérias nesses setores influenciar realidade descaso – desemprego má distribuição renda educação básica questionável apresentar baixos índices avaliações índice desenvolvimento educação básica ideb outros,nao_argumento,0.7719023670950009
55,modo adianta abordar mudanças educação criança adolescente distintos segmentos sociais fatores citados cima mostram inúmeros desequilíbrios sociedade,nao_argumento,0.7926560375390016
57,medidas ajudariam construir brasil onde jovem precisaria sair escola procurar trabalho torná-los vulneráveis drogas,nao_argumento,0.757860546830001
58,último necessário estado forte comprometido população adequando gestões façam diferença sociedade,nao_argumento,0.803129914116002
59,ademais outras intervenções sociais podem ajudar resolver problema,nao_argumento,0.7773431700030015
62,tanto realizando mudanças país justo desenvolveria pessoas éticas socialmente,nao_argumento,0.7701418574650019
63,criminalidade jovens brasileiros 12 17 anos brasil sofreu aumento significativo últimos anos segundo fórum brasileiro segurança pública,nao_argumento,0.7919091461400015
68,devido decadência sistema público ensino evasão escolar jovens baixa renda alta caso jovem conclua ensino básico cotas inclusão suficientes atender demanda deste grupo relação qualificação profissional inserção mercado trabalho,nao_argumento,0.7980433698910008
72,resolver problema governo deverá atuar três áreas esporte profissional educacional,nao_argumento,0.7845904765080014
73,importante dessas áreas educacional,nao_argumento,0.8346656042840016
74,estudos revelaram alto índice evasão escolar país,nao_argumento,0.8382063237970011
80,último menos importante área esportiva,nao_argumento,0.8222195611680015
81,sabe benefícios esporte traz saúde física além disso existem benefícios formação caráter jovens,nao_argumento,0.7673574308540011
85,filme norte americano “coach carter treino vida” diretor tomas carter revelado quão imersos criminalidade jovens zona pobre richmond califórnia trabalho rígido treinador basquete educar moralmente atletas,nao_argumento,0.8120387535560007
89,embora equivocada proposta alteração legislativa assim treinador carter ligou rigorosamente jovens brasileiros podem receber tratamento ameno,nao_argumento,0.7490279327110015
91,fica evidente dispositivos generosos progressão pena constante código penal estatuto criança adolescente – eca prevê penas duras menores reincidentes,nao_argumento,0.770426279014002
92,diante dessa aparente falta medidas disciplinares eficientes ilógico imaginar fácil desobediência jovens legislação vigente,nao_argumento,0.7812588413260009
93,frente explanado situação jovens brasileiros mergulhados criminalidade grave tanto próprios sociedade fica ainda aterrorizada,nao_argumento,0.7744140234370009
95,2017 dado proferido organização nações unidas onu delineou brasil sétimo país maiores taxas morte jovens,nao_argumento,0.8122099534350014
96,nessa perspectiva apesar recente tal pesquisa reflete cenário alicerçado formação desigual país portanto mostra-se ineficaz garantir efetivamente normas necessárias desenvolvimento sujeito,nao_argumento,0.7520511302210025
99,fato tal conjuntura relaciona-se teoria controle social proposta sociólogo travis hirschi crimes ocorrem laços sociais indivíduo mantém sociedade encontram enfraquecidos rompidos,nao_argumento,0.7730148844820024
100,modo pautada realidade distancia cada vez modelos vinculem esforços êxitos muitas vezes realização atos ilícitos ocasionada tentativa equiparar falhas existentes meio social indivíduo,nao_argumento,0.7685841720610008
105,poder-se-á assim equiparar oportunidades desenvolvimento jovens brasil,nao_argumento,0.7867380096470011
106,computador criado alan turing principal finalidade decifrar códigos alemães durante guerras,nao_argumento,0.8189358541540019
107,posteriormente conforme necessidades épocas tal máquina passou desempenhar ampliar funções,nao_argumento,0.7674366376600014
112,dessa forma percebe-se forte presença necessidade aparatos tecnológicos cotidiano sociedade,nao_argumento,0.8007426616290013
115,sendo assim tem-se necessidade amenizar intenso contato máquina homem possa controle decisões tornar submisso influências digitais,nao_argumento,0.7436190103650016
119,feito invenção engenhosa alan turing benéfica conjuntura social,nao_argumento,0.8137682548710015
120,2014 simples quiz denominado “thisisyourdigitallife” acessado meio influiu vitória donald trump eleições estadunidenses 4 anos tarde escândalos envolvendo vazamento dados usuários dessa rede social,nao_argumento,0.7929056349960008
122,indubitavelmente internet sob viés algoritmos assume contornos específicos vida usuário tende praticidade abrangência desses artifícios tecnológicos solucionar problemas cotidiano dados transformam informações grande valor empresas,nao_argumento,0.786434112386002
128,velha máxima fernando pessoa diz “ser homem insatisfeito” bastante perceptível olharmos todas invenções feitas,nao_argumento,0.777392733459001
129,roda imprensa guttemberg revolucionários iphones steve jobs,nao_argumento,0.8516721980130012
130,dias hoje porém inteligência artificial baseada códigos binários domina mundo,nao_argumento,0.7797473335200014
132,inicio vale ressaltar quão benéfico tecnologia tendo reconhecimento recomendações baseadas histórico compras likes joinhas incrível trabalho algoritmos impacta inimagináveis esferas sociedade,nao_argumento,0.7909123750880023
133,talvez grande exemplo disso audio visual entrevista responsáveis conteúdo netflix falou serie “stranger things” baseada cima maiores categorias serviço crianças grupos mistério suspense,nao_argumento,0.7898183852610008
134,entanto cabe recomendação ficarmos presos senso comum,nao_argumento,0.8003727655880012
135,divergente necessário lembrar implicações dessas sequências código binário,nao_argumento,0.7927215260710015
137,assim fácil compreensão exito famosas fake news diferentes campos afeta,nao_argumento,0.7776710080480014
138,saúde via movimento antivacina questões políticas cambridge analítica decisiva separação reino unido união europeia brexit últimas eleições americanas vencida donald trump,nao_argumento,0.8245271035050024
139,fica evidente portanto inegável força algoritmos vidas bem mal,nao_argumento,0.754890912826002
140,finalidade minimizar problemas tais medidas devem tomadas,nao_argumento,0.8004613730130011
142,assim insatisfação poeta heterônimos poderiam continuar menor preocupação permanecermos miopia,nao_argumento,0.7688810022500013
147,atitude proporciona indivíduo falsa ideia escolha visto sendo induzido rede,nao_argumento,0.7921654971620014
148,exemplo disso anúncios localizados sites personalizados partir pesquisas anteriores,nao_argumento,0.7915376867090019
152,pode-se tomar exemplo opinião distorcida consumismo algo bom,nao_argumento,0.7605606137990016
153,assim sendo internet benéfica peça pesquisa propagação conteúdo,nao_argumento,0.7876486654180015
154,contudo pode-se tornar influenciadora opinião manipulação comportamento usuário,nao_argumento,0.7312469173380016
157,imprenscíndivel haver maior transparência sites aplicativos uso dados usuário,nao_argumento,0.7932056339930019
158,dessa maneira possível combater manipulação internet,nao_argumento,0.7972303285580014
159,declaração universal direitos humanos promulgada 1948 onu garante todo indivíduo direito liberdade escolha bem-estar social,nao_argumento,0.8020548489400013
161,dessa forma medidas necessárias atenuar revés,nao_argumento,0.7971198097080013
164,ratificado exemplo caso empresa britânica cambrigde analytica selecionava organizava fatos opiniões chegavam cada usuário,nao_argumento,0.778482160530001
166,produz dissemina anúncios propagadas quais exaltam repassam ideias fantasiosas qualidades bens serviço oferecidos fim estimular consumos,nao_argumento,0.8033837896710015
167,esconde restringe acesso outros representem ameaça vendas primeiros,nao_argumento,0.8173043729840016
168,logo urge medidas tomadas pois inaceitável tal situação ocorra,nao_argumento,0.7190775738360019
169,evidente portanto medidas tomadas direito liberdade escolha indivíduo fato respeitado,nao_argumento,0.7619755121950014
171,assim direitos resguardados onu fato colocados prática,nao_argumento,0.7909720083500011
172,atual constituição federal sancionada 1988 assegura direitos cidadania nativos competências governo brasileiro,nao_argumento,0.8203931298030016
173,oposição tal preceito população indígena ainda luta diante desafios decorrentes negligência nacional,nao_argumento,0.7708035658130015
176,ficou evidente durante governo militar médici realizaram-se construções estradas transamazônica usinas hidrelétricas intenso desmatamento atividades agropecuárias afetando portanto espaço moradia povos indígenas acarretando deslocamento outras áreas,nao_argumento,0.7686792232550007
177,dessa forma percebe-se impacto interesses capitalistas detrimento direitos sociais ameríndios vez tira direito permanecer lugar origem,nao_argumento,0.7820712955930016
180,sendo assim preciso desconstruir estereótipos firmados atentar verdadeiras origens necessidades povo fito preservar cultura compõe identidade nacional,nao_argumento,0.7444022621650015
184,feito brasil estará cumprindo preceitos atual constituição cidadã,nao_argumento,0.8159985344690015
185,palavras oswaldo andrade “quando português chegou debaixo duma bruta chuva vestiu índio pena,nao_argumento,0.7806820141090012
186,manhã sol índio despido”,nao_argumento,0.8480112912650015
188,exemplo notável chegada jesuítas brasil catequização proporcionada mesmos forma tornar índios acessíveis interesses intensificação fieis exploração ouro,nao_argumento,0.8069428306340015
193,dessa forma nota-se mudanças necessárias resolver empasse,nao_argumento,0.7926717922550012
196,pois índios parte constituinte brasil precisam valorizado sociedade,nao_argumento,0.7612684195650016
197,descrever personagem iracema livro nome sob olhar nacionalista josé alencar caracteriza principal expressão literária época denominada indianismo,nao_argumento,0.8204804921280016
198,tal movimento aspectos ufanistas torna índio figura central país recém independente fim criar identidade cultural brasil,nao_argumento,0.8063095687930015
200,nesse sentido meio perífrase “a virgem lábios mel” autor atenua inocência atribuída figura indígena exemplificado exploração colonizador grupo,nao_argumento,0.792641674481002
210,segundo organização nações unidas educação ciência cultura – unesco “a representatividade indígena constitui alicerce cultural histórico dentro país,nao_argumento,0.7980040471200015
215,vezes falta conscientização sensibilidade caráter construção país ético democrático,nao_argumento,0.812713868055002
217,dizia antropólogo darcy ribeiro “fomos criamos problema indígena”,nao_argumento,0.8216941066780015
218,logo dever estado estabelecer diretrizes constitucionais sérias eficazes povos tradicionais,nao_argumento,0.7930297265860013
220,base nessas considerações discussões envolvendo índios geram problemáticas sérias falta gestão política comprometida interesses capitalistas grandes empresas,nao_argumento,0.8017362957140015
221,todavia outras soluções imprescindíveis resolver impasse,nao_argumento,0.7659491370120014
224,posto nova geração cidadãos equacionarão país justo politicamente correto,nao_argumento,0.796176206776002
225,pensar respeito desafios povos indígenas brasil possível afirmar ainda existem muitas barreiras serem superadas,nao_argumento,0.7487351865800009
226,aponta necessidade trabalho maior feito estado prol proteção igualdade desses povos,nao_argumento,0.795820114956002
228,sendo resguardado direito constituição federal 1988 índios ainda sofrem injustiças,nao_argumento,0.7794827072990014
236,assim necessidade apontada inicialmente mostra ainda premente virtude existir insegurança relação terras dificuldades locomoção omissão estado alguns aspectos,nao_argumento,0.736002165696002
247,evidente portanto medidas devem tomadas fim garantir manutenção proteção patrimônio histórico,nao_argumento,0.769304874443002
249,museu louvre maior museu arte mundo visitado,nao_argumento,0.8613612237160015
250,sendo monumento histórico paris marco central cidade localizado palácio louvre construído fortaleza final século xii xiii sob reinado felipe ii localizado margens direita rio sena,nao_argumento,0.8432577306610024
251,durante revolução francesa assembleia nacional constituinte decretou louvre deveria usado museu exibir obras primas nação,nao_argumento,0.8244252006290013
252,museu crescendo cada vez intermédio doações antiguidades egípcias gregas artes islâmicas artes decorativas desenhos impressões pinturas,nao_argumento,0.8270026164310015
268,primeira análise deve-se pontuar estudo história âmbito escolar,nao_argumento,0.8205195539240016
276,portanto observa-se importância acervo histórico brasileiro através compreensão história nacional,nao_argumento,0.7708519947860013
279,dessa forma brasil poderá consolidar valorização patrimônio histórico,nao_argumento,0.8004918708450016
280,acervo conhecimento acerca história humanidade possibilitado instituições preservam elementos históricos tais museus,nao_argumento,0.8108089764190015
281,entretanto gerações atuais encontram desafio manter tais monumentos fim permitir continuidade,nao_argumento,0.752824803427002
289,destarte físico isaac newton dizia corpo tende permanecer inerte força atue,nao_argumento,0.798710696694002
290,coadunação tal preceito urge necessidade medidas eficazes evitar inércia impasses,nao_argumento,0.7698587127450014
293,feito permitir-se-á progresso educação,nao_argumento,0.8201373363360016
294,sob ótica mendeliana genética determina hereditariedade espécies quais carregam transmitem características descendentes,nao_argumento,0.8006801457060015
295,coadunação tal preceito patrimônio histórico desempenha papel semelhante vez transmite nova geração elementos antepassados,nao_argumento,0.7868376743010009
305,feito genética patrimonial hereditária,nao_argumento,0.8154362657550015
313,entretanto críticas uso pesticidas gera impasse difícil discussão,nao_argumento,0.7598362640180015
315,hrw aumento pode ligação direta consumo alimentos produzidos uso defensivos químicos,nao_argumento,0.809889030719002
316,estar topo cadeia alimentar espécie humana ingere através bioacumulação agrotóxicos acumulados todos outros níveis tróficos teia alimentar,nao_argumento,0.7978038624910015
318,morte milhares pássaros silvestres regiões banhadas venenos agrícolas reflexo direto danos ambientais acarretados prática,nao_argumento,0.806853177500001
320,segundo cientista americano carl sagan ciência deve vista vela meio escuridão,nao_argumento,0.820992253724002
322,prática biopesticidas uso venenos reduzido extinto,nao_argumento,0.8113720573470014
324,dessa forma plantação reduzida pestes menor potencial afetar grandes áreas cultivo além garantir alimentos livres agrotóxicos frequentes mesa brasileiros,nao_argumento,0.7829799465600007
329,nesse contexto percebe-se debate contínuo cenário brasileiro quanto uso herbicidas fungicidas outros,nao_argumento,0.7715718915090015
337,realizando medidas indivíduos sociedade vida próspera isenta malefícios,nao_argumento,0.8076010791720016
338,planos maléficos madrasta personagem antagonista conto branca neve sete anões assassinar adorável branca neve através maçã envenenada,nao_argumento,0.8154559715620016
343,portanto medidas necessárias resolver questão,nao_argumento,0.7506066585780016
346,medidas brasil estará garantindo primeiro setor econômico país saudável população ajudará prevenir surgimento enfermidades origem tóxicas povo brasileiro,nao_argumento,0.7871294018740019
362,hodiernamente leis diminuir burocratização uso agrotóxicos plantações tramitam congresso,nao_argumento,0.8150508327330019
368,afirmar população cresce proporção geométrica maior alimentos ocasionando portanto fome mundo thomas malthus levou consideração novas tecnologias futuro iriam invalidar previsão tais ferramentas agrotóxicos combatem pragas plantações permite maior produtividade,nao_argumento,0.7413639193380014
369,dessa forma notório erro proibir uso desses defensivos acarretaria perda produção alimentos,nao_argumento,0.7904900577080015
370,destarte urge necessidade medidas enérgicas equilibrar interesses dicotômicos uso desses químicos,nao_argumento,0.796516672772002
373,feito espera-se melhor harmonização conjuntura social estará atendendo interesses distintos,nao_argumento,0.7899673347070014
374,atual constituição federal 1988 assegura acesso saúde direito inalienável todo cidadão brasileiro,nao_argumento,0.8124711040980015
375,porém tal condição democrática anula empecilhos situação brasil encontra diante aumento dsts - doenças sexualmente transmissíveis -,nao_argumento,0.7515986610200013
383,dessa forma faz-se necessário presença maior quarto setor combate dsts,nao_argumento,0.8013997476270013
384,destarte segundo físico isaac newton todo corpo tende permanecer inerte força atue,nao_argumento,0.7974555283000015
388,feito poder-se-á afirmar país oferece mecanismos exitosos combate dessas doenças,nao_argumento,0.7766194728640013
389,colonização brasil muitos indígenas morreram doenças sexualmente transmissíveis principalmente sífilis,nao_argumento,0.8000691055680014
390,anos década 70 muitos brasileiros morreram nova doença aids,nao_argumento,0.808369001090002
393,atualmente apesar informações estarem disponíveis auxílio internet muitas informações equivocadas circulam,nao_argumento,0.776700932916002
395,exemplo incomum ver adolescentes acreditam camisinha impede sensação prazer durante ato sexual,nao_argumento,0.7757375699480016
397,simplesmente dizer usarem preservativo carnaval suficiente,nao_argumento,0.7669514894280014
399,muitos ainda afirmam medo realizar teste diagnóstico preconceitos acabam procurando ajuda apenas situação insustentável contaminou terceiros,nao_argumento,0.7412308749510015
400,dessa forma perceptível necessidade modificação campanhas combate dsts existentes número jovens contaminados diminua,nao_argumento,0.7910084299680011
402,assim agir local onde maioria juventude frequenta sucesso aumentará conscientização tornará efetiva argumentos autoridade profissionais saúde,nao_argumento,0.7489370961690016
403,prazer agora risco vida sex and drugs nenhum rock n roll,nao_argumento,0.809774151219002
404,nesse trecho canção “ideologia” composta interpretada cazuza faz jogo palavras “slogan” juventude anos 80 - sexo drogas rock n roll - retratar dentre outros aspectos sociais problemática aids doença pouco conhecida,nao_argumento,0.7906872801410006
407,cancro mole hpv gonorréia alguns exemplos dessas enfermidades,nao_argumento,0.8103331583570015
408,dentre síndrome imunodeficiência adquirida aids destrutiva pois diante avanços medicina ainda possui cura,nao_argumento,0.7396255325310012
409,diante disso percebe-se problemática aumento tipo doença jovens brasileiros,nao_argumento,0.776245991454002
415,assim brasil ajudará manter jovens saudáveis,nao_argumento,0.7734949491480013
416,conhecidos brasil mundo durante décadas 1980 1990 cantores cazuza freddie mercury compartilhavam algo comum além música ambos portadores vírus hiv,nao_argumento,0.769596528925002
417,serem soropositivos dois viraram símbolos luta contra doença inspirando juventude preservarem,nao_argumento,0.8159254116920021
422,atualmente campanhas existentes realizadas tradicionalmente tv,nao_argumento,0.8474717866680014
428,medida tornaria assunto corriqueiro presente lares,nao_argumento,0.7871391171520014
429,segundo pitágoras educar crianças hoje evita corrigir sociedade vir,nao_argumento,0.803679853716002
432,doenças sexualmente transmissíveis dsts doenças transmitidas principalmente contato sexual uso camisinha pessoa infectada,nao_argumento,0.8088361428970011
433,aids sífilis gonorreia exemplos doenças devem tratadas ênfase sociedade tendo vista números crescem dia após dia desinformação jovens fator preponderante aumento desses números,nao_argumento,0.7929244970630012
435,segundo pesquisa divulgada 2013 pcap pesquisa conhecimento atitudes práticas população seis cada dez jovens 15 24 anos fez sexo preservativo último ano sendo 43 4 protegeu durante sexo casual relações sexuais parceiro fixo,nao_argumento,0.7588047458950004
439,prova dessa distração assunto fato ainda hoje aproximadamente 75 jovens fizeram teste hiv,nao_argumento,0.7535142839150011
443,assim parceria governamental funcionará esforços combate dsts jovens,nao_argumento,0.7828522561150015
444,período literário ultrarromântico depressão predominantemente presente poemas vida poetas tal maneira promoveu suicídio,nao_argumento,0.7434279244500012
450,obstante expositivamente dados folha aproximadamente 30 suicídios acontecem dia brasil,nao_argumento,0.7835068818820013
454,consequentemente promove desamparo social somado pressão impacta diretamente psique humana conseguinte tendo potencial ceifar própria vida,nao_argumento,0.7540341138180016
455,torna-se evidente portanto suicídio mal população brasileira,nao_argumento,0.7652659937720012
469,intervenções providenciarão rede apoio saúde mental jovem intencionando prevenir autocídio,nao_argumento,0.8020711944800014
470,dessa maneira poder-se-á dizer busca cessação vida jovens brasileiros lugar apenas livros ultrarromânticos,nao_argumento,0.7440023037730011
471,limiar século xxi suicídio jovens problemática atual inúmeros fatores quais contribuem tomar decisão final,nao_argumento,0.799442284376001
472,assim período colonial escravos optaram morte prosseguir trabalho forçado jovens utilizam suicídio saída situações parecem irresolutas,nao_argumento,0.7592510914290016
477,após sofrer vida social estudante suicida colégio gerando reflexão todos colegas,nao_argumento,0.8029186732240019
480,além disso alguns astros rock kurt cobain chorão suicidaram grande alcance público inevitável influência,nao_argumento,0.769394594039001
484,outras medidas devem tomadas diria oscar wilde “o primeiro passo importante evolução homem nação”,nao_argumento,0.7958893841450009
485,automutilação salto prédios uso drogas,nao_argumento,0.8340166249940015
487,motivos levam suicídio vez diversos estimado elevado sofrimento fato pertinente,nao_argumento,0.7892836667740014
498,modo fatores proporcionam indivíduo cometer atentado contra própria vida tais bulliyng - comum prática pessoas faixa etária 12 24 anos- sofrido cotidiano escolar exclusão social gênero classe social exemplo,nao_argumento,0.758049751776001
501,exemplo meios educacionais onde determinado aluno alvo brincadeiras desagradáveis insatisfação tende demonstrar educador demais estudantes interferem impedir tal situação denunciam maioria casos,nao_argumento,0.734781231408001
503,maneira análoga surgem problemas saúde depressão autocídio utilizado fim situação problemática,nao_argumento,0.763910252567002
513,configurando dessa forma diretrizes desenvolver criticidade assim incutir direitos sociais obrigatórios,nao_argumento,0.773617742307002
517,logo preciso entender estar sujeito fake news contemporaneidade valer-se atenção ler algum artigo bem investigar fontes remetidas,nao_argumento,0.7794700753750016
522,contudo resoluções precisas resolver impasse,nao_argumento,0.7594362653950015
524,livro “notícias manual usuário” escritor americano alain botton revela sociedade pós-moderna notícias utilizadas meio informação utilizadas objetivo manipular leitores,nao_argumento,0.8121003103320009
531,urge portanto necessidade medidas governo indivíduo acabar notícias falsas sociedade brasileira,nao_argumento,0.7732723852940019
534,assim pessoas irão sair caverna platão intolerância entrando mundo harmônico saudável seguro,nao_argumento,0.7661633092190016
535,tudo circula redes sociais verdadeiro embora atualmente principais veículos informação,nao_argumento,0.7542568719140014
537,sabe-se uso impacto notícias falsas tornaram-se amplos neste século,nao_argumento,0.799051733058002
544,portanto criação ações auxiliem população identificar notícias falsas faz-se necessária pois ganham visibilidade destaque compartilhadas grande número pessoas,nao_argumento,0.750363525623002
548,criado mark zuckerberg principais redes sociais divulgação notícias diversos sites,nao_argumento,0.8441204192590013
549,obstante tais conteúdos sempre apresentam veracidade põe pauta atualidade desafio combater chamadas “fake news”,nao_argumento,0.783726448439001
553,exemplo disso difusão notícia enganosa apocalíptica acerca suposto planeta nibiru iria chocar terra muitas pessoas acreditaram porque limitaram informação,nao_argumento,0.7311736569160008
557,sendo assim notícias midiáticas reguladas podem impactar decisões eleitores sobrepondo pensamento críticos desses,nao_argumento,0.7685969659250012
558,destarte urge necessidade meios atenuar problemática propagação conteúdos falsos,nao_argumento,0.791606942206002
561,modo caverna pós-moderna dará lugar mundo amplo realista favorável democracia,nao_argumento,0.8078691340990013
562,surgimento ferramentas online criado mark zuckerberg difusão notícias passou alcance mundial,nao_argumento,0.810097335816002
563,outro lado assim benéfico sociedade vez intensificou democratização informação trouxe desafios serem combatidos tal chamada “fake news”,nao_argumento,0.7477835052690015
572,segundo físico isaac newton corpo tende manter inerte força atue,nao_argumento,0.8063820952990014
573,coadunação preceito mister necessidade meios combater inércia cenário tomado grande circulação notícias falsas,nao_argumento,0.7876762534840012
576,feito plataformas zuckerberg poderá tornar grande aliado democracia mundial,nao_argumento,0.8144094175360019
577,constituição federal 1988 - norma maior hierarquia sistema jurídico brasileiro - assegura todos igualdade perante lei distinção qualquer natureza,nao_argumento,0.7848913461140015
588,destarte urge necessidade medidas enérgicas atenuar problemática desafios enfrentados negros atualmente,nao_argumento,0.798370052554002
591,feito possível concretização preceitos contidos constituição cidadã,nao_argumento,0.8161833987190011
593,nesse contexto fim regime escravocrata livrou negros submissão brancos contrapartida propiciar inserção social dessa população implicou marginalização,nao_argumento,0.7700765703030016
602,assim aumentará número afrodescendentes universidades garantindo-lhes igualdade material prevista constituição 1988,nao_argumento,0.777248273631002
603,lei áurea assinada princesa isabel 1888 garantiu abolição escravidão povos negros brasil,nao_argumento,0.8019919479450016
604,entanto desde sanção desta lei dias atuais nota-se intensa desigualdade discriminação quais negros submetidos apenas território brasileiro outros países,nao_argumento,0.7696072043440008
619,composição étnica cultural brasil fruto passado histórico marcado imigrações africanas período colonial sendo hoje negros representam metade nação,nao_argumento,0.797146844987002
630,dessa forma possível progressivamente acabar descriminação preconceitos contra população negra país bem colocar prática ideais revolucionário martin luther king “eu sonho,nao_argumento,0.7891309591880025
631,sonho ver filhos julgados personalidade cor pele”,nao_argumento,0.8073670599930011
632,cultura brasileira rica pois abrange indivíduos diversas etnias,nao_argumento,0.7396714511010015
641,torna-se notório questão discriminação racial deve revista,nao_argumento,0.8069510214340011
644,dessa forma brasil país justo harmônico,nao_argumento,0.8058820402360013
645,livro “hibisco roxo” escritora nigeriana chimamanda ngozi revela sociedade africana mulher sofre violência ambiente familiar acaba tendo final diferente ocorre plano ficcional agressor acaba sendo punido crime,nao_argumento,0.7844293065500003
652,torna-se evidente portanto medidas governo mídias sociais precisam estabelecidas feminicídio extinto sociedade,nao_argumento,0.7753339228260016
655,assim livro nigeriana sairia plano ficção passaria designar sociedade atual tendo efeito sociedade acolhedora principalmente altruísta,nao_argumento,0.7560351343360016
656,livros “a cor púrpura” cinquenta tons cinza” “cidade sol” conhecidos exporem público relações abusivas diferentes contextos sendo ambientes abastados desvalidos diferentes culturas,nao_argumento,0.7999528112260011
657,histórias comumente ocorridos cotidiano muitas mulheres brasileiras vítimas frequentes violência doméstica psicológica sexual,nao_argumento,0.8158227788680011
671,filme “millenium homens amavam mulheres” narra história jornalista econômico hacker investigam caso mulheres brutalmente assassinadas serial killers condenavam quebrarem mandamentos bíblicos,nao_argumento,0.791524837570002
681,sabendo disso necessário portanto criar medidas preventivas erradicar casos feminicídio país,nao_argumento,0.738338095665002
683,grécia antiga momento forte sentimento patriarcal dentro sociedade líder denominava pater significa pai família,nao_argumento,0.805729409764001
684,partir além desafio conquistar espaço outrora ocupado exclusivamente homem feminicídio brasil representa novo fator combatido figura feminina,nao_argumento,0.7701800165420015
692,destarte urge necessidade meios atenuar problemática preconceito violência homem contra mulher além superar resquícios históricos,nao_argumento,0.7758476027750013
695,partir dessas ações espera-se promover melhora condições sociais mulher país,nao_argumento,0.8065388979180014
696,violência abusos sofridos mulher problemas recorrentes brasil comumente estampam capas jornais revistas,nao_argumento,0.7985177317850015
697,aspectos devem considerados relação legado histórico-cultural desrespeito leis,nao_argumento,0.8047431547560016
