id,text,class,arg
1,reavaliar principais circunstâncias adjetivam injustiças sociais como exemplo criminalizar maneira enérgica corruptos saqueiam cofres públicos,PI,0.7412722803580013
1,o ministério educação então ministro ricardo vélez rodriguez podem desenvolver parceria junto grande média – rádios televisão jornais fim criar projeto social informativo perigos criminalidade jovens,PI,0.799793008481001
1,premiar trabalhos apresentassem temas combate à criminalidade bolsas estudos melhores universidades país,PI,0.8299915370270012
1,imprescindível exista reavaliação governamental diante dessas linhas sociais pois estado deficitário ocasiona quadro injusto à população jovem,Tese,0.7444274102050012
1,é perceptível solução impasse apresentado responde governabilidade ruim cuja gestão ministérios existentes repercutem ações fracas ineficientes combater sistematicamente criminalidade,Argumento,0.7935243064300017
2,desigualdades sociais somadas à omissão estado impulsionam iniciação cada vez precoce jovens mundo crime,Tese,0.8048845940150015
2,encontrar-se países maior produção riqueza dados ibge instituto brasileiro geografia estatística apontam maior parcela desta riqueza concentra-se 10 ricos população neste cenário muitos jovens brasileiros situação risco veem crime única oportunidade superarar pobreza ascender socialmente,Argumento,0.731326289731001
2,descaso governo acerca assuntos tangem à educação aplicação políticas inclusão colaboram ainda aumento desta taxa criminalidade,Argumento,0.7719028612490012
2,ara superar quadro violência políticas inclusão não bastam deve haver políticas visem melhor redistribuição renda país incentivos busquem melhoria sistema básico ensino público assim também capacitação destes jovens mercado trabalho,PI,0.7586652425540014
2,dessa forma causas aumento criminalidade jovens brasileiros são múltiplas possui pilar principal desigualdade social amparada omissão ineficiência estado,Argumento,0.7834100279550009
3,estado deverá criar programas conter evasão como estimulando jovem importância estudos melhorando estruturas escolas tornar ambiente agradável investindo formação salário professores realizem bom trabalho,PI,0.7806229301740016
3,já área profissional governo deverá incentivar empresas investirem programas aprendizagens jovens,PI,0.810613171258001
3,esses programas além permitirem jovem fonte renda permitirá também participação mercado trabalho experiência profissional maturidade ocupação conhecimento autoconfiança características essenciais proporcionar jovem oportunidade ingressar mercado trabalho,Argumento,0.7950807783820014
3,por isso é outra área estado deverá investir formar juventude personalidade forte br,PI,0.7976618646720014
3,a educação é caminho seguro afastar jovens criminalidade prepará-los mercado profissiona,Argumento,0.806209074353001
3,participação jovens crimes praticados brasil crescendo assustadoramente conforme anuário divulgado final fórum brasileiro segurança pública para resolver problema governo deverá atuar três áreas esporte profissional educacional,Tese,0.7722878600730017
3,endo vista aspectos observados solução conter afastar jovens criminalidade está quão eficiente ações governo estarão voltadas investimento conciliação três áreas pois assim permitirá jovens percorram caminhos não tortuosos,PI,0.7518766746630015
3,o esporte ensina jovens trabalhar equipe disciplina esforço determinação perder ganhar competir,Argumento,0.8111158421630013
4,pobreza empurra infantes mundo crime também flexibilização leis incentivam permanecer comportamentos torpes,Tese,0.7990142900470012
4,idade indivíduos são vulneráveis sentimentalmente pobreza agrava condição torna-se uns canais recrutamento tráfico exemplo,Argumento,0.8052722372300015
4,o clamor social redução maioridade penal é evidência quanto criminalidade seduzido milhares jovens adolescentes,Argumento,0.7838810471530016
4,leis brasileiras bem agentes segurança contribuem permanência jovens criminalidade sobretudo reincidência crimes visto interpretam forma facilita saída infratores reclusão,Argumento,0.8074930318140017
4,congresso nacional precisa trabalhar adequação leis à realidade brasileira alterar regras regressão pena aperfeiçoamento eca já secretárias educação estados municípios precisam fomentar políticas públicas aumentem envolvimento jovens esporte porque assim infantes podem sonhar mesma vida digna sonhada treinador carter liderados,PI,0.7548797582700008
5,necessário ministério trabalho mt parceria ministério educação mec fortaleça lei aprendizagem escolas áreas baixas rendas intuito inserir alunos funções produtivas bem geração renda àqueles habitam situações vulnerabilidade social por fim centro referência especializado assistência social creas deve atuar através profissionais área tanto suporte jurídico social tanto famílias risco quanto monitoramento daqueles cumprem medidas socioeducativas,PI,0.7536369656800019
5,conselho nacional justiça cnj corrobora contexto expressa vulnerabilidade indivíduo diante ausência emprego acesso à educação qualquer outro meio necessário renda dignidade humana,Argumento,0.7946193500510016
5,ausência suporte familiar pode indiciar primeiros sinais desamparo jovem subsequentemente primeiras tendências crime adolescência – período pessoa mostra suscetível influências externas referentes à formação conceitos si,Argumento,0.761627360152001
5,nesse ínterim à medida desigualdade social atinge camadas específicas território brasileiro jovem tende perder qualidade direitos consequentemente é exposto situações violência,Argumento,0.7449499533060008
5,dessa maneira diante marginalização direitos torna-se inegável à discussão criminalidade jovens fito evitar associação crime válvula escape permita ascensão social,Tese,0.7973427060200009
6,uso demasiado tecnologia dia dia homem corrobora tentativa torna-lo obediente às influências digitais,Tese,0.7910993659210015
6,busca praticidade conforto homem estreitou relação desse tecnologia,Argumento,0.8061480733750013
6,partir século xix revolução industrial mão obra passou substituída máquinas,Argumento,0.8003829384730013
6,tecnologia também destaca campo comunicação vez permite indivíduo maior alcance mensagens faz tempo real facilitando portanto interação comunicativa usuários,Argumento,0.7449033962710017
6,artistas contemporâneos cantora pitty retrata cenário música “admirável chip novo” seguinte trecho “nada é orgânico é tudo programado achando libertado” evidenciando falta liberdade homem diante forte interferência digital,Argumento,0.7636040016170016
6,é necessário maior controle campo virtual amenizar forte influência diversos sites decisões indivíduo para isso faz-se preciso atuação governo federal criar medidas segurança parceria ministério comunicação âmbito tornar dados pessoais usuários preservados podendo punir judicialmente infratores caso invasão dessas informações,PI,0.7761958911360007
6,s instituições ensino órgão educador devem elucidar jovens diversificar sites costumam acessar não fiquem restritos só ferramenta fazendo visão mundo amplie,PI,0.7731078354290007
6,ademais vale frisar uso exacerbado tecnologia permite atue decisões homem meio sistema controle dados é capaz acesso preferências internautas e assim moldar forma pensar,Argumento,0.7536777837570017
7,manipulação informações através desse meio consolida à internet não só ferramenta aquisição conhecimento também torna cada vez entrelaçada às decisões pessoais indivíduo silenciosa ditadura algoritmos induz desde padrão consumo até formação crítica opinião associada comportamento,Tese,0.7581673470380009
7,dessa maneira consumo apresenta-se fruto escolhas previamente selecionadas responsáveis criar falsa sensação liberdade à pessoa é restringida presença “trending topics” ilustrados publicidades,Argumento,0.7722741515140015
7,vazamento dados oriundos 87 milhões perfis facebook sendo 440 mil brasileiros relaciona-se à inobservância estatal assegurar direitos à segurança privacidade previstos marco civil internet lei 12965 2014 porque controle ilegal tais conteúdos incide ações tendem influenciar formação política social sociedade vez mantém-se fomentada comodidade falta verificação busca conhecimento,Argumento,0.7048461335610005
7,alegoria caverna proposta filósofo platão homem cômodo acorrentado à caverna alimentado somente sombras mundo exterior refletido parede incapaz atingir conhecimento inteligível é verdadeiro,Argumento,0.7750483230360017
7,é necessário ação colaborativa ministério público ministério educação fortalecimento projeto ministério público educação digital escolas fim intensificar presença especialistas espaço escolar quais expliquem devidas medidas proteção serem tomadas internet bem fornecer orientação famílias controle desse uso,PI,0.794726022017001
7,mídia caráter socializador deve desenvolver comerciais televisivos quais contenham fragmentos lei 12965 exemplos cotidianos instruam população manuseio consciente dados pessoais,PI,0.710919192794001
8,para indivíduo torne super-homem nietzsche largue senso comum governo através ministérios educação comunicação devem fazer parcerias mídia propagandas intuito informar veiculados menos comercial horário nobre,PI,0.7769643306050009
8,quão benéfico nós tecnologia é,Argumento,0.7955711425010012
8,já presos modo consumir baseado já consumimos gostamos,Argumento,0.7830452592360012
8,logo embora noção algoritmos além usufruirmos mesmo ainda míopes lidar elas,Tese,0.6593896285120009
9,dados ibge mostram 80 jovens usam internet diversas finalidades envio mensagem recebimento correio eletrônico receber ligações alguém,Argumento,0.7314865010340013
9,internet é usada formadora opinião gosto visto pessoas consensos divergentes expõem pensamentos rede influenciando vida jovem dessa maneira propostos à certa pessoa podem manipulá-la devido falta controle informações,Argumento,0.7688036186430015
9,notório internet é peça fundamental acesso conteúdos vídeos mensagem pesquisas outros além disso consegue meio algarismos códigos filtrar transmitir usuário sugestões personalizadas informações páginas sites entretanto autonomia internet uso dados pode trazer certa manipulação conteúdo falsa impressão escolha,Tese,0.7368167391910018
9,necessário preocupação pais conteúdo oferecido filho,PI,0.8074194894530013
9,convém ressaltar internet é meios usados divulgação marcas produtos empresas e conseguir maximização desempenho é usado banco dados usuários divulgar produto acordo preferências,Argumento,0.7934167339590017
9,deve-se ressaltar através palestras escolas necessidade uso consciente formas prevenção contra manipulação rede e é imprenscíndivel haver maior transparência sites aplicativos uso dados usuário,PI,0.7509963006040016
10,entanto controle exercido meios digitais dados produtos serviços chegam indivíduo impossibilita direitos internacionais fato colocados prática,Tese,0.7883515124540011
10,s meios digitais controlam acesso à informação cidadão isto porque através consultas redes socais facebook instagram é possível desenhar perfil indivíduo e assim descobrir desejos opiniões e fim permite grandes empresas google selecionem notícias chegam este,Argumento,0.742431427602001
10,internet seleciona bens serviços são consumidos população,Argumento,0.8192535050780014
10,dessa forma onu parceria ongs espalhadas redor deve realizar palestra seminários perigos meio digital oferece fim incitar caráter crítico vigilante indivíduo,PI,0.7804574377700008
11,expansão atividades empresariais aliada visão etnocêntrica sociedade são principais rastilhos nação indígena enfrenta,Tese,0.7626771181350015
11,omunidades indígenas desde período colonial século xvi sofrem invasões terras obras desenvolvimento país i,Argumento,0.7733997212960015
11,vale frisar nativos são vítimas visão deturpada valores construída europeus que historicamente primeiros contato essa percepção errônea naturalizada é refletida obras literárias indianistas escritor josé alencar iracema transforma índio figura selvagem ingênua passiva diante atitudes exploratórias europeu sen,Argumento,0.7815598094130021
11,faz-se necessário mobilização agentes fundações instituições combater problemáticas supracitadas para isso funai- fundação nacional indígena- deve intensificar operações proteção garantia direitos indígenas acerca terras demarcadas denunciando empresas ferirem direitos preestabelecidos e assegurando indígenas posse terras outrossim instituições escolares meio docentes devem propor inovações didáticas – reservar semana ano invés somente dia data comemorativa- abordar temáticas desse povo elucidando importância construção identidade país cidadãos desde tenra idade aprendam respeito preservação diversidade étnica,PI,0.7642918842340026
12,índios sofreram inúmeras mudanças cultura devido interação outros povos,Tese,0.819318458102001
12,egundo dados fundação nacional índio funai existem atualmente 460 mil índios residindo aldeias brasil estima-se anteriormente chegada colonizadores haviam 4 5 milhões índios terras brasileiras massacres realizados mesmos e posteriormente conflitos fazendeiros garimpeiros invadiram terras indígenas contribuíram decréscimo população indígena,Argumento,0.7318529096920007
12,a diminuição alimentos desmatamento avanço cidades fatores motivaram parte povos indígenas migrarem centros urbanos principalmente década 50 intensificação desenvolvimento industrial,Argumento,0.760957433306001
12,ogo entrada índio sociedade é complicada pois maior parte dessa população não estudo torna-se difícil inserção mercado trabalho sobrevivendo alguns casos apenas artesanato mão obra barata carteira assinada sendo assim maioria vive total pobreza áreas ricos possuído grandes dificuldades atendimento saúde devido forte preconceito descriminação sugere dados instituto brasileiro geografia estatística ibge 49 indígenas moram centros urbanos medo represálias tendem negar origens culturais,Argumento,0.727185608246003
12,estratégias governamentais incluem índios possam viver cidades mesmos direitos demais e medidas protetivas auxiliem manutenção dessa população suprindo necessidades incentivos acesso saúde leis auxiliem processos regulamentação direitos trabalhistas público assistência meio funcionários saúde promovam ampara-los,PI,0.748747948781001
13,apesar miscigenação existente povos formadores sociedade nacional noção supremacia branca estrangeira ainda inferioriza identidade indígena após conquista direitos demarcações quais corroboram importância,Tese,0.7469208719640015
13,invasão europeus representou início desagregação muitas tribos consequentemente deu origem conflitos referentes demarcação territórios indígenas sinal permanecem até tempos recentes dada morosidade fundação nacional índio funai respeito homologação inúmeras áreas destinadas povos nativos contraponto resistência grandes empresários agricultores dessa forma tais disputas indicam não só reflexo aculturação sofrida índios também constante luta enfrentada manterem cultura sociedade contemporânea,Argumento,0.749967250601002
13, apesar avanços legislativos estatuto idoso lei 11645 inclui história cultura afrodescendente indígena grade curricular escolas visão conferida índios permanece socialmente estigmatizada assim concepção generalizada indígena fadado à praticas primitivas vida isolado tribos fortificam estereótipos dificultam integração meio coleti,Argumento,0.7093236762280019
13,atuação estado valorização índio intuito integra-lo comunhão nacional para poder executivo funai têm agilizar estudos demarcações referentes às terras indígenas bem intensificar fiscalização policial reservas fim manter defesa certas tribos,PI,0.7684031919730013
13,or fim ministério educação mec deve efetivar lei 11645 escolas parceria campanhas midiáticas desmistificam estigmas ligados povos nativos,PI,0.7263021346200009
13,outrossim escassa ação políticas públicas sobretudo voltadas saúde reflete preservação grupos indígenas isolados vez há maior vulnerabilidade relação doenças oriundas madeireiros ilegais matas,Argumento,0.8029643719390017
13,ademais ministério saúde deve fortalecer conselhos saúde especializados índios intermédio capacitação profissionais,PI,0.8029999743140013
14,então buscar garantir direitos configura ação ética frente sociedade moderna torna minoria portanto debate demarcação terras normativas constitucionais proteção povos tradicionais etnocídio tematizam exemplos problemáticos brasil,Tese,0.7861530696910016
14,relatórios acadêmicos universidade federal pará – ufpa mostram impacto grandes construções hidrelétricas tal usina belo monte estado pará denunciam expulsam população indígena naquela localidade dessa forma embora existam órgãos protetores fundação nacional índio – funai direitos previstos desde constituição 1988 situações inconcebíveis acontecem,Argumento,0.7529616048750007
14,darcy ribeiro “fomos nós criamos problema indígena” logo é dever estado estabelecer diretrizes constitucionais sérias eficazes povos tradicionais também questão direitos é reconhecer nação consolida mediante valores históricos disseminação sociocultural povos constituintes,Argumento,0.7759862703060012
14,o ministério cultura então ministro sérgio sá leitão devem elaborar centros especializados monitoramento 24 horas comunidades indígenas espalhadas brasil sendo assim estudantes acadêmicos sociologia história filosofia áreas afins fariam parte desses centros ajudariam desenvolver metodologias protecionistas,PI,0.7685717355080011
14,por conseguinte precisa haver diagnóstico situações concretas buscando identificar denunciar descasos sofridos eles entanto efetividade ações órgãos competentes apresenta deficiências nessas resoluções,PI,0.7665685763690014
15,lém disso outro desafio comum é geralmente população vive locais difícil acesso muitas vezes não recebem atendimento médico crianças não estudam ensino regular adultos não trabalham dificuldade,Argumento,0.7377956043990016
15,a tecnologia não faz tão presente nessas comunidades a falta conhecimento inocência causadas negligências estado não prestar assistência necessitam faz apresentem ainda retrocesso grande relação à população vive cidade,Argumento,0.7437753769600015
15,estado tentando igualdade povos mesmos direitos é necessário incentivo atenção maior muitas vezes estado faz omisso prejudica desenvolvimento dessa população,Argumento,0.7822130274700008
15,ações afirmativas feitas governo são grande importância proteção igualdade desses povos indígenas consigam superar desafios forma justa,PI,0.7983852361880012
15,leis rígidas proteção dessa população fiscalização contínua terras desses indivíduos também podem positivos,PI,0.7816896427350015
15,à dificuldade manter população indígena terras devido pressões feitas fazendeiros posseiros não aceitam condição acham possuidores terras indígenas daquele local mesmo sendo resguardado direito constituição federal 1988 índios ainda sofrem injustiças,Tese,0.7378663521720019
15,programas específicos contínuos são necessários até consiga chegar isonomia,PI,0.794382422617001
16,patrimônio histórico sendo conjunto bens móveis imóveis naturais possuam valor inestimável população prédios cidades florestas são exemplos desse conceito logo é extrema importância preservado vista representa bem inestimável serve meio estudo acerca particularidades cultura povo,Tese,0.7667623471790009
16,ciedade guerras dominações vitórias vista acontecimentos ficam marcados obras arquitetônicas confeccionadas durante períodos isso é ratificado exemplo restos muro berlin representa anseios sociais povo alemão durante dominação divisões territoriais sucedeu-se durante guerra fria,Argumento,0.7569721368970017
16,legado histórico é extrema importância estudo particularidades cultura população isso já que através monumentos construções antigas é possível encontra traços religião língua cultura sociedade a título exemplo vale destacar hieróglifos encontrados pirâmide gize quais relatam história cultura religião povo egípcio particularidades culturais embalsamamentos pessoas morriam,Argumento,0.7172501564360009
16,onu organização nações unidas parceria ongs deve meio tombamentos obras forte valor simbólico obras restauração garantir integridade proteção espaços importantes sociedade fim garantir legado histórico estudo sociedades não perdido longo anos,PI,0.8018254419480019
16,em primeira análise cabe pontuar patrimônio histórico apresenta valor inestimável herança cultural social povo,Argumento,0.7621405286230015
17,orque nele reside história vários povos mediante patrimônio material são construções obeliscos esculturas museológico acervos documentais é possível entrar contato cultura povo portanto é estritamente importante preservação patrimônio cultural pois nele é possível refletir então compreender passado civilização cada geração entra contato museu oportunidade criar novas pesquisas partir objeto documentado coleção erário logo é espaço ideal estimular curiosidade debates promover socialização princípios cidadania colaborar sustentabilidade transformações culturai,Argumento,0.7258932284120004
17,02 setembro 2018 rio janeiro incêndio destruiu bicentenário museu nacional antes tornar-se instituição pesquisa 1892 ocupado família real 1808 1889 levando ruínas coleção 20 milhões itens museu abarcado brasil pré-histórico período monárquico além inúmeros artefatos diversas culturas mundo sendo perda inestimável não somente população brasileira mundial visto milhares pessoas ainda não tido oportunidade conhecer museu agora muitas outras não terão,Argumento,0.6593399407620012
17,nte após incidente museu rio janeiro necessidade investimentos meio governantes visem proteção monumentos históricos meio fiscalizações instalações elétricas verificação condições estruturais reformas necessárias outros incidentes não venham ocorrer também é necessária maior valorização museus brasil investimento publicidade intermédio propagandas mostre riquezas culturais brasil assim possibilitando maior fluxo turístico aumentando economia país possibilitando população maiores oportunidade conhecer diversidade cultural brasileira,PI,0.7495860675620022
17,tornando-se necessários muitos investimentos financeiros manutenção mesmo mas investir preservação museu,Tese,0.781960108382001
18,ndo pensamento filosófo irlândes edmund burke povo não conhece história está fadado repeti-la portanto é fundamental conhecer história brasileira fim compreender formação sociedade atual nesse contexto entende-se necessidade valorizar agentes históricos nação e especial patrimônios materiais representam entretanto sabe-se descaso estatal desconhecimento população brasileira frente composição histórica ameaçam diretamente valorização patrimônio histórico nacional,Tese,0.7393502609590014
18,consoante mortimer jerome adler livro “a arte ler” sistema educacional cultura existem tendem perpetuar-se reciprocamente nesse sentido observa-se número brasileiros visitaram museu louvre paris superior número total visitantes museu nacional ano tal fato deve-se ignorância parte população relação riqueza histórica brasil abordagem abstrata história sala aula limitada livros didático,Argumento,0.7445218463530004
18,desse modo governo deve promover parceria público-privada intuito arrecadar recursos voltados diretamente conservação história brasileira nas escolas universidades ministério educação deve incentivar visitas museus cidades históricas salvador bahia ouro preto localizada interior minas gerais,PI,0.8052509576580011
18,trimônio histórico nação deve preservado virtude gerações futuras assim processo identificação identidade nacional cada cidadão torna-se dinâmico todavia improbidade administrativa verificada museus bibliotecas outras instituições correspondem patrimônio histórico brasileiro mostra-se ameaça manutenção história brasil o incêndio museu nacional falta recursos instituições mostram descaso estatal tocante valorização agentes históricos brasileiros,Argumento,0.7319811418540005
19,cabe pontuar patrimônio histórico é suma importância desenvolvimento intelectual homem sob ótica célebre frase filósofo immanuel kant “o humano é educação faz dele” tem-se elementos históricos- fósseis documentos arquitetura obras- fatores imprescindíveis composição identidade humana visto homem consegue resgatar resquícios origens dessa forma percebe-se impacto positivo acervo histórico causa campo educaciona,Argumento,0.7536883815700005
19,nvém frisar reparos manutenção desses patrimônios infraestrutura poucos vai comprometendo tornando-se vulnerável impactos antrópicos isso é evidente ocorreu setembro brasil incêndio tomou conta museu nacional rio janeiro evidenciando portanto falta políticas públicas evitar tal desastre sendo assim fragilidade espaços antigos rastilho abandono autoridades públicas,Argumento,0.7141075943060017
19,nesse contexto pode-se afirmar é incontrovertível participação autoridades públicas manutenção desses patrimônios pois contrário provectos educativos terão retrocesso,Tese,0.6461178619450009
19,para isso governo federal parceria ministério cultura deve ampliar investimentos manutenção infraestrutura instituições históricas gerações futuras possam contato além disso escolas devem promover palestras acerca importância patrimônios históricos formação intelectual indivíduos,PI,0.7582915025270018
20,primeira instância cabe pontuar grande parte conhecimento contemporaneidade é devido elementos históricos materiais imateriais o escritor gilberto freyre já afirmava fim social saber maior futilidades e aplicando ideia patrimônio histórico atende objetivo social partir momento permite surgimento teorias levam homem entender cada vez origens exemplo disso é teoria evolução charles darwin que todo acervo documentos históricos fósseis animais não possível continuidade estudos provectos,Argumento,0.7222627691770026
20,convém frisar instituições históricas espalhadas todo mundo encontram programas proteção investimentos manutenção um grande exemplo emblemático disso ocorreu museu nacional rio janeiro incendiado extinguiu praticamente todos elementos históricos tal acontecimento rastilho abandono autoridades públicas não investiram infraestrutura necessária evitar acidentes esse,Argumento,0.7490031300000007
20,faz-se necessária mobilização agentes competentes solucionar problemas supracitados para isso é imprescindível governo parceria ministério cultura desenvolva políticas proteção patrimônio permitindo preservação fiscalizando qualquer tipo tentativa depredação vandalismo instalando câmeras vigilantes,PI,0.7926939418980019
20,nesse contexto pode-se afirmar conjunto bens históricos está atrelado formação intelectual indivíduo entanto à margem investimentos governamentais,Tese,0.7690132804480012
21,motores economia país agricultura brasileira é conhecida moderna extremamente produtiva no entanto produção concretize é necessário utilize dentre outros métodos agrotóxicos porém lado uso desses químicos verticaliza produção outro causa problemas saúde humana meio ambiente assim deve fomentado debate consciente tocante uso agrotóxicos brasil,Tese,0.7394010789110017
21,egundo dados confederação agricultura pecuária brasil cna uso defensivos agrícolas é crucial brasil pois devido forte utilização sistema plantação grandes lavouras áreas agrícolas podem facilmente dizimadas só vez única praga sendo assim ainda acordo cna defensivos promovem superprodução alimentos consequente barateamento consumidor final devido à oferta abundante além disso grande estoque supre não apenas demanda nacional também serve reserva capital excedente é vendido forma commodities mercado internacional garantindo superávit balança comerci,Argumento,0.6985398461100021
21,segundo ong internacional human rights watch hrw número novos casos câncer proporcional aumento uso agrotóxicos,Argumento,0.8133411198940014
21,não restrito apenas saúde homem impactos ambientais também são constantes,Argumento,0.7572061882190013
21,fica claro portanto necessidade legislação promova ganhos produção tempo evite perdas saúde ecossistema,PI,0.7641360618540014
21,partindo dessa premissa ministério agricultura deve promover através investimentos pesquisa científica desenvolvimento biopesticidas desenvolvendo doenças predadores atacam determinada praga dano meio ambiente homem,PI,0.7968187804470016
21,o governo precisa incentivar pequeno agricultor produzir agricultura familiar orgânica rotação culturas,PI,0.7985770976610013
22,undo agência nacional vigilância sanitária anvisa brasil é líder mundial uso agrotóxicos essa totalidade discute questão saúde pública porque relatórios anuais organização nações unidas onu alertam perigos dessas substâncias organismo humano dessa forma tem-se discussão econômica ambiental saúde geram argumentos favor agronegócio outros contra hostilidade tóxica à saúde então questão é colocar equilíbrio problemáticas futuras viabilizar seriedade situação frente populaçã,Tese,0.7421621573830013
22,é notória precisão aumentar produtividade eliminar pragas plantações todavia iniciativas não são ecologicamente viáveis gerarem hostilidades longo prazo começando contaminação mananciais peixes toda cadeia produtiva subaquática então questão utilizar agrotóxicos é barato frente técnicas também polêmicas uso biotecnologia transgênicos alimentos geneticamente modificados contradição estará gastos maiores aparecimento novas doenças ainda difíceis curar futuro portanto precisa haver diagnóstico situações concretas buscando equacionar impasses causados ecossistemas constituintes,Argumento,0.7343457156670028
22,com base nessas considerações necessidade diminuir gradativamente uso é permitir cuidados ecológicos junto à fauna flora pensar futuro promissor entretanto soluções ainda precisam integrar medidas qualitativas eficazes combate excesso agrotóxicos para tanto ministério saúde ministro gilberto occhi devem revisar leis viabilizam entrada desses produtos fim torná-las justas à saúde humana,PI,0.7238839343350006
22,mas embora cientificismo normatize artigos provam malefícios seres humanos sistema informação agravos notificação sinan própria onu relatem prejuízos hormonais psicológicos neurais humanos prevalece é ausência ações administrativo-política quais venham inibir demanda tóxica crescente alimentos e consequentemente à fisiologia seres bióticos abióticos modo geral,Argumento,0.7022780449580005
23,pesquisa recente associação brasileira saúde coletiva apontou relação substâncias agrotóxicas doenças cunho grave como exemplo câncer infertilidade distúrbios hormonais neurológicos não obstante utilização produtos tóxicos alimentação brasileira produtos já banidos países china estados unidos mostra lentidão governo brasileiro adoção leis eficientes contra venenos,Argumento,0.7584030360140007
23,baixa fiscalização fraco incentivo consumo alimentos orgânicos conscientização precária população consumidora favorecem estado inércia país que maneira análoga à teoria físico isaac newton país permanecerá mesmos problemas até algo suficientemente capaz parar uso defensivos agrícolas agronegócio que embora colabore sucesso plantações é comprovadamente prejudicial à saúd,Argumento,0.7115051894290018
23,primeiramente ministério agricultura pecuária abastecimento deve investir adubamento natural é economicamente viável pode lucrar até dobro agronegócio por conseguinte ministério pode investir programas sociais fim incentivar cultivação hortaliças residências populares visitação à feiras agroecológicas aumentando uso adubamento natural agricultura familiar,PI,0.7518762781170008
23,fora literatura brasil destacando maiores utilizadores agrotóxicos agricultura contaminando organismo milhões pessoas sendo responsável surgimento agravamento diversas enfermidades,Tese,0.807174916877001
24,teoria demográfica thomas malthus afirmava produção alimentos não acompanharia crescimento populacional levaria grande calamidade mundial contudo revolução verde caracterizada desenvolvimento insumos agrícolas aumentou produção alimentícia porém é favorável ingerir agrotóxicos diariamente benefício agricultura,Tese,0.7555862550660019
24,indubitável problema fome não solucionado visto dificuldade maior não é produção sim distribuição alimentos além disso brasil é países consomem agrotóxicos uso desses insumos acarreta não só alergias intoxicações também doenças graves câncer ademais poluem águas solo até leite materno pode-se afirmar dessa forma uso desses venenos configura perigo à sociedade meio ambient,Argumento,0.7189256194760013
24,é complexa substituição alimentos contaminados outros livres pesticidas os produtos orgânicos são caros inacessíveis à maioria população porque não há incentivo parte governo à produção e consequentemente não têm capacidade competir mercado é luta desigual bolso saúde povo brasileiro como população muitos ainda passam fome conseguirá optar alimentos orgânicos,Argumento,0.7478317243020005
24,torna-se necessário governo invista através incentivos pequenos produtores alimentos orgânicos fim baratear produção desses alimentos além mais é preciso criada legislação ambiental brasileira emenda estabeleça às empresas agrícolas limite uso herbicidas pesticidas plantações favorável à saúde meio ambiente para mais empresas brasileiras ti tecnologia informação financiadas governo federal poderiam elaborar aplicativos divulgassem locais venda produtos orgânicos assim análise preços que dessa forma qualidade alimentação acessível povo brasileir,PI,0.739183013398001
25,faz-se mister conciliar interesses dessa nova lei já que passo uso desses produtos químicos melhora produtividade concomitantemente provoca impactos meio ambiente seres vivos,Tese,0.7727510620960016
25,a agricultura é atividade que dentre tantos benefícios tirou condição nômade homem permitiu fixar local,Argumento,0.7330731982540013
25,viver harmonia meio ambiente é tido habilidade espécies,Argumento,0.8188263813140012
25,uso agrotóxicos qualquer tipo regulamentação fere princípio harmonia,Argumento,0.8044750371570012
25,é incontrovertível regulamentação lei uso desses produtos químicos amenizar efeitos nocivos à natureza seres vivos,Argumento,0.7444486655750013
25,uso agroquímicos plantações traz melhora significativa produtividade,Argumento,0.8087447544150015
25,é notório erro proibir uso desses defensivos já acarretaria perda produção alimentos,Argumento,0.7936802245840012
25,é imprescindível autoridades públicas reúnam representantes bancada ruralista ambientalistas debater problemas benefícios ambos lados fazer partes desses interesses prevaleçam,PI,0.8091997901450017
25,ministérios competentes devem fiscalizar indústrias alimentação comuniquem população meio informações embalagens uso desses defensivos,PI,0.8132090388500016
26,medidas enérgicas são necessárias tirar atual cenário inércia,PI,0.8104584524390013
26,governo federal parceria ministério educação promova políticas públicas voltadas promoção palestras dinâmicas acerca doenças sexuais escolas,PI,0.8093250374730012
26,a mídia vez principal veículo informação junto governantes deve propagar campanhas publicitárias formas proteção alertar jovens consequências forma torná-los conscientes responsáveis,PI,0.7886541894900008
26,vale destacar dois pilares fundamentais dirimir alta incidência dessas moléstias educação mídia quais estão atualidade pouco relacionadas função,Tese,0.780301322660001
26,cabe pontuar educação alicerce sociedade deve alcançar fim social pois contrário torna fútil,Argumento,0.7485862692640014
26,percebe contemporaneidade é educação não está atendendo função,Argumento,0.8054801484780012
26,perceptível aumento taxa infectados jovens 15 19 anos idade passou 2 4 6 9 mil habitantes 9 anos,Argumento,0.6123076713030009
26,evidencia pouca atuação educação está tendo tentativa erradicar doenças público jovem,Argumento,0.8158989710670009
26,outra ferramenta bastante eficaz combater tais doenças é recurso midiático,Argumento,0.7902121828570012
26,percebe-se escassa atenção mídia frente questão pouco discute efeitos alta incidência dessas doenças,Argumento,0.7962847146210015
26,faz-se necessário presença maior quarto setor combate às dsts,Argumento,0.815777044384001
27,é necessário entender porquês criar estratégias efetivas combate fantasma assombra população desde 1500,Tese,0.7369680234520013
27,brasil questões voltadas sexo ainda são tabus,Argumento,0.7996555342770014
27,apesar informações estarem disponíveis auxílio internet muitas informações equivocadas circulam,Argumento,0.7874201355700011
27,a vergonha alidada preconceito faz juventude não queira procurar pais ficam à mercê informações muitas vezes erradas,Argumento,0.7190565394280011
27,políticas combate existentes não estão sensibilizando jovens deveriam,Argumento,0.8038018575460012
27,é preciso alertar perigos sexo proteção enfatizar importância buscar diagnóstico tratamento precocemente,Argumento,0.7998983363550012
27,ministérios saúde educação devem criar campanhas envolvam ida profissionais saúde às escolas explicar importância usar preservativo procurar tratamento notar alterações corpo,PI,0.794504680462001
28,brasil aumento número adolescentes infectados dsts doenças sexualmente transmissíveis levanta discussões maneiras eficazes prevenção tratamento informação juventude século xxi,Tese,0.8092209207820016
28,aumento expressivo brasileiros 15 19 anos infectados,Argumento,0.6485835547650014
28,a elevação dessa taxa pode explicada ausência medidas eficazes acompanhem mudanças comportamentais jovens século xxi,Argumento,0.7873732047000014
28,as campanhas outras formas prevenção todas dsts portanto devem reformuladas integradas ainda âmbitos virtuais,PI,0.7666837581090015
28,o ministério saúde exemplo pode investir criação posts educativos através perfis facebook instagram twitter,PI,0.8074566711300016
28,mitigar falsa ideia alguns jovens ainda possuem coquetel azt é cura aids,PI,0.7724899608600012
28,segunda biblioteca virtual saúde dsts são transmitidas principalmente contato sexual uso preservativo pessoa infectada e geralmente manifestam meio bolhas feridas corrimentos,Argumento,0.7883744811670008
29,combater aumento dsts jovens brasil,Tese,0.8335560955480013
29,número jovens infectados dsts doenças sexualmente transmissíveis verticalizado,Tese,0.8239188190590012
29,aumento número jovens acometidos doenças sexuais é reflexo direto queda campanhas eficientes preservação estímulo à prática sexo seguro,Argumento,0.802035920330001
29,atingir jovens século xxi propagandas devem incluir também novas mídias sociais como exemplo internet,Argumento,0.7744270081910015
29,como não bastasse falha governamental difundir esclarecimentos pais sentem dificuldades hora tratar tema filhos,Argumento,0.7937436837370015
29,urgência combater mau,Argumento,0.8190510669830012
29,o governo precisa parceria ministérios saúde telecomunicações realizar parcerias público-privada disponibilizando anúncios prevenção novas mídias,PI,0.8164543873450013
29,ministério educação mec deve proporcionar palestras escolas temas saúde sexual abrindo espaço pais acompanhem infantes adolescentes durantes discussõe,PI,0.771551118568001
29,essa união pais alunos escola torna tema menos incômodo fácil debatido além dar sensação assunto é sério precisa abordado desde infância repassado geração geração,PI,0.7853405002410017
29,segundo organização unaids brasil figura atualmente primeiros lugares ranking países apresentam novos casos aids outras dsts,Argumento,0.8107923216300013
29,isso aliado à eficiência coquetéis antivirais faz adolescentes ideia errada aids é problema já superado infectados dsts podem levar vida longa temor males doenças provocam,Argumento,0.779733284748001
30,é indubitável medidas provindas ministério saúde ministério educação combater aumento dsts jovens brasileiros,Tese,0.8222465414750012
30,tendo vista números crescem dia após dia desinformação jovens é fator preponderante aumento desses números,Argumento,0.7935693950380013
30,é visível nível desinformação população jovem pois envolvem alguém momentaneamente maneira inconsequente,Argumento,0.7184452423840011
30,esclarecer jovens uso camisinha vai além prevenção à gravidez indesejada,PI,0.7952710946660013
30,é necessário contato pessoas convivem tais doenças possam entender dsts são tão devastadoras qualquer outras enfermidades,PI,0.7810867487410013
30,há grande número portadores devido conhecimento doença reforça ainda importância informação,Argumento,0.769928304642001
30,é necessário ministério educação proponha debates psicólogos possam discutir respeito desse impasse saúde brasileira,PI,0.7983528415270016
30,é importante ministério saúde intensifique número campanhas prevenção meio meios comunicação,PI,0.821761332031001
31,liquidez humana pressão social são fatores configuram continuidade dessa problemática,Tese,0.7934716203910013
31,modernidade líquida é fato responsável permanência suicídio,Argumento,0.8068541034060014
31,contemporaneidade relações interpessoais são efêmeras,Argumento,0.8378231598160013
31,falta interação resguardo sentimental podem provocar desenvolvimento danos psíquicos que situações alarmantes causam até ato suicida,Argumento,0.7769682577990012
31,há pressão coletiva desampara jovens,Argumento,0.6622605887430011
31,fato social nomeia coercitivo induz confirmação desses regras sociedade,Argumento,0.799812349322001
31,cabe governo federal meio ministério saúde parceria escolas postos saúde direcionar profissionais saúde mental psicólogos psiquiatras contratados concurso público fim tratar orientar debater alunos pais todos frequentadores desses âmbitos fatos supracitados,PI,0.8043173097150018
31,ministério comunicações cabe elaborar campanhas mediáticas consequências causadas pressão social indivíduo propósito desempenhar reflexão imbróglio,PI,0.7995472113790013
31,nesse contexto suicídio ainda está visível sociedade hodierna,Tese,0.7725227908270011
31,isso ocorre porque sociedade determina costume estar mercado trabalho faculdade então exerce pressão mormente jovens atingirem metas,Argumento,0.7516647736240012
32,torna-se imprescindível analisar possíveis razões desse cenário perturbador,Tese,0.7864747819070013
32,vulnerabilidade saúde mental jovem tornando-o suscetível patologias depressão podem levar suicídio não tratada,Argumento,0.7822516106410015
32,a significância bem-estar psicológico portanto não deve menosprezada,Argumento,0.7287576342080012
32,juventude é si só racionalizada causa alterações hábitos níveis elevados estresse pais professores,Argumento,0.7833777858230014
32,a falta informação acerca sinais depressão ansiedade corrobora assim número casos suicídio,Argumento,0.7667388044780011
32,suicídio juvenil país é problema cuja solução requer medidas visando amparo psicológico adolescentes,Argumento,0.7846016473870013
32,é mister estado torne obrigatória assistência psicológica instituições ensino públicas privadas ensino médio superior,PI,0.8185219519430016
32,escolas devem realizar palestras informativas voltadas pais conscientizando-os sintomas comuns depressão fatores risco suicídio,PI,0.7491539082960016
32,o ultrarromantismo corrente literária século xix caracterizava-se desilusão adolescente obsessão morte,Tese,0.820695576394001
32,esses traços dialogam forma inquietante realidade contemporânea brasileira autocídio é terceira maior causa óbitos jovens segundo oms organização mundial saúde,Tese,0.762609235682001
32,a princípio deve-se considerar que ainda segundo oms 90 casos suicídios estão ligados transtornos mentais,Argumento,0.6892627845040012
32,disse platão viver bem é importante simplesmente viver,Argumento,0.8024762166280013
33,saúde mental influências contemporâneas são suma importância decisão tirar própria vida,Tese,0.807260306183001
33,saúde mental é fator extrema relevância vida indivíduo vive sociedade,Argumento,0.7959123572310013
33,problemas depressão relacionamentos situações desfavoráveis são gatilho óbito escolha plausível,Argumento,0.8078223153020014
33,vivemos mundo globalizado cresce exponencialmente número influenciadores,Argumento,0.8397417508130015
33,é importante ambientes trabalho escola promovendo socialização todos,PI,0.8139638605660012
33,policiamento pais jovens internet qualquer tipo apologia erradicada,PI,0.8094188363910012
33,problema suicídio jovens brasileiros é importante deve combatido sociedade,Argumento,0.8051362567330009
33,medidas devem tomadas promover socialização grupos apoio precisam melhorar saúde mental limites menores internet importante policiamento agências tudo suicídio assunto,PI,0.773303082009001
33,no filme “como salvar vida” podemos observar bullying é prejudicial à saúde mental,Argumento,0.7932436185560015
34,observa-se sociedade impõe inúmeras exigências jovens,Argumento,0.8230106403960014
34,muitos jovens não conseguirem atender às “suas obrigações” frustram-se julgam-se inúteis meio vivem sofrendo posteriormente problemas depressivos,Argumento,0.6806395529570011
34,observar causas desse sofrimento muitas dessas estão relacionadas à excessiva pressão social tais indivíduos quais têm buscado atentado contra própria vida fuga desafios,Tese,0.7762582319070016
34,os últimos anos vêm sendo marcados jovens atentam contra própria vida ponto número incidências dessa natureza tornar tamanho,Argumento,0.772210139572001
34,muitos jovens também são julgados escolhas divergirem padrões estabelecidos dignos corretos meio social,Argumento,0.7968269893430014
34,homossexualidade é onde são observados inúmeros jovens depressivos devido bombardeios preconceituosos,Argumento,0.788596533908001
34,contínua pressão social psicológica jovens elevado nível sofrimento depressão e não raro suicídio,Argumento,0.7706422867670014
34,precisa derrubada meio maior diálogo jovens responsáveis maior preparação destes lidar tais situações seja também estímulo respeito compreensão próximo,PI,0.7782278447790016
34,seus responsáveis ainda são despreparados tais ocasiões maioria vezes vendo-os apenas seres preguiçosos “cheios frescura”,Argumento,0.7713788108600014
34,nos dois primeiros exemplos estilos vestuário alimentação muitos jovens sofrem bullying optarem vestimentas consideradas não sociais dito estilo gótico simplesmente aderirem alimentação saudável vegana sofrendo conseguintemente ataques preconceituosos,Argumento,0.7914954316350015
35,tem tornado cada vez frequente ocorrência suicídios sociedade principalmente adolescentes jovens,Argumento,0.814840313183001
35,al realidade poderia evitada pequenas percepções pessoas próximas pais familiares professores colegas classe quais não atentam mudança comportamental vítima não proporcionam auxílio necessário,Tese,0.7762041439890017
35,muitos casos violência são ignorados pessoas assistem,Argumento,0.8079279959630015
35,percebe-se padecente fica exposto atos sociais causando indignação raiva desgosto ambiente frequenta,Argumento,0.7912942624030012
35,muitos casos suicídio poderiam evitados caso conhecimento situação indivíduo encontra,Argumento,0.7709639785510014
35,a mudança comportamento é demonstrada através isolamento consumo álcool drogas ilícitas ainda agressividade,Argumento,0.7716793615920015
35,é suma importância todas pessoas estarem atentas comportamento familiares fim poder agir evitar tragédias levando-as tratamentos acompanhamentos especialistas psicólogos,PI,0.7992961052470017
35,escolas meio palestras atividades extracurriculares devem tratar tema maior seriedade corrigindo posturas violentas advertindo solução tal problema,PI,0.7949358762340012
35,sente constrangido situações agressões físicas verbais psicológicas devem procurar assistência autoridades através queixas,PI,0.8010986301270014
35,processo educação deve-se começar base moldando pensamentos crianças cresçam dignidade respeito próximo,PI,0.8013633291980012
35,em 2017 série 13 reasons why - série americana relata violência sofrida estudante deixa gravado treze motivos levou suicidar - fez mundo olhasse cautela problema adquirindo apoio comunidade internacional certamente evitou muitas tragédias poderiam ocorrer caso passassem despercebidas,Argumento,0.7148656199280009
36,problemática atual fake news trazem distorção realidade prejudicam indivíduo leitor,Tese,0.8028490974550013
36,saber sempre atrelado às inúmeras realizações humanas cunho científico religioso antropológico político-econômico,Argumento,0.7969681395510012
36,conhecimento possibilitou humanidade conhecer complexos vida também permitiu difusão informações mundo,Argumento,0.7854587411780011
36,discutir acerca desse cenário é formalizar reflexão às negativas quais cidadão enfrentará,Argumento,0.7940158565950013
36,percebe-se quão difícil é situação daqueles buscam informações verdadeiras,Argumento,0.7832030152490009
36,combate notícias falsas começa partir momento caráter sensibilidade próximo acima simples conscientização,Argumento,0.7917363311620013
36,constata-se influência digital mundo moderno uso fins maliciosos dentro dessas plataformas gerar informações dúbias contexto,Argumento,0.8034813319780013
36,pertinente corpo escolar desenvolver projetos junto à comunidade venham discutir importância buscar conhecer fontes noticiários propagandas,PI,0.8073965604410013
36,portanto é questão conjuntural efetiva injusta principalmente tempos eleições presidenciais cujas propagandas exemplo eleições estados unidos 2016 utilizaram informações hipócritas difamar oponente construindo dessa maneira ambiente antiético conflituoso cheio discussões xingamentos desnecessários,Argumento,0.7284635451680012
37,contemporaneidade fakes news afetam modo extraordinário rotina brasileiros,Tese,0.8119519593390012
37,hoax são notícias falsas mudam pensamento leitor,Argumento,0.8216199328030015
37,próprio canal deveria informar população possui objetivo contrário é manipulação,Argumento,0.7896580561390013
37,mídias sociais são extrema importância ano eleitorais pois têm objetivo potencial massificação determinada informação atingindo grande público leitores,Argumento,0.7505489763340009
37,faz mídias sociais campo ideal político já utilizam hoax disseminarem conteúdo ideológico político cultural não é verdadeiro,Argumento,0.7616983813010011
37,governo meio ministério comunicação aliado meios disseminação massa rádio televisão internet deve informar população analisar informações notícias recebidas,PI,0.811345072982001
37,cabe indivíduo social voluntário fiscalizar determinado canal possui alguma notícia falsa e caso possua denunciar ministério público mp meio social altruísta e principalmente verdadeiro,PI,0.7436177344220015
37, mito caverna filósofo platão afirma morador sair ignorância dever avisar indivíduos verdade é esclarecer determinado fato não existe,Argumento,0.7656381620880011
38,problema disseminação massa notícias falsas que muitas vezes prejudicam cobertura profissional imprensa principalmente ano eleições presidenciais,Tese,0.7784916504890012
38,todos filtram conteúdo recebem interpretam notícia candidato leem até final compartilhando informações falsas criando enorme cadeia mentiras sistema global redes computadores,Argumento,0.7954976797080008
38,realidade política pós-verdade relevância notícias falsas aumentou,Argumento,0.8243245175380015
38,elas reforçam algum ideal político ajudando fortalecer crenças são geralmente apelativas emocionalmente,Argumento,0.7869641686450012
38,vê-se aplicação distribuição deliberada conteúdos falsos boatos internet,Argumento,0.8068716273120012
38,o estado meio criação comitê checar informações falsas veiculadas internet pode informar à empresa responsável hospedagem site e consequência bloquear fonte renda indivíduos fazem tipo ação,PI,0.7865736033160017
38,a sociedade deve colaborar capacitando cidadãos através oficinas cursos gratuitos identificar filtrar conteúdos falsos web,PI,0.7968103189850014
38,cabe mídias sociais auxiliarem usuários conscientizando quanto compartilhamento boatos mentiras rede denunciando notícias falsas spam punindo autores bloqueio contas respectivas redes sociais,PI,0.7922710673600014
38,quando não patrocinadas pessoas envolvidas adversários políticos são financiadas indústria cliques criada grandes plataformas propaganda digital,Argumento,0.7875254220010012
38,não é incomum diariamente receber informações inverídicas via redes sociais apesar mídias socias serem usadas ferramenta trabalho jornalistas,Argumento,0.797986114323001
39,é preciso enfrentar fenômeno propagação notícias falsas pois contrário decisões desprovidas senso crítico irão compor cenário eleições presidenciais,Tese,0.769290449798001
39,viralização informações equivocadas meios comunicação “aprisiona” indivíduo,Argumento,0.8172594807470014
39,cegueira intelectual assola cada vez país,Argumento,0.8138544214710013
39,propagação conteúdos errôneos corrobora geração pessoas visões restritas preconceituosas,Argumento,0.8158227078810011
39,disseminação desses conteúdos equivocados pode usado tática favorecer determinadas ideologias pessoas visam cargos políticos,Argumento,0.7807738080150015
39,notícias midiáticas não reguladas podem impactar decisões eleitores sobrepondo pensamento críticos desses,Argumento,0.7749356293140012
39,é imprescindível portanto órgãos governo criem projetos lei tange criminalização notícias falsas punição propagadores dessas notícia,PI,0.7801917527820013
39,setores educação- escolas universidades- principais meios instrução devem instigar jovens buscar informações diferentes fontes notícias meio indicação sites confiáveis diversos,PI,0.813222313814001
39,isso notório durante eleições atual presidente estados unidos donald trump quais difundiu diversas notícias enaltecedoras líder seduzindo eleitores duas decisões segundo site notícia el país,Argumento,0.762604598674001
40,campo midiático potencial manipular opinião pública trazendo consequências decisões eleitorais enfraquecimento democracia,Tese,0.8123931654060013
40,uso poder informação favorecer líderes políticos não é algo recente,Argumento,0.7669421752080013
40,necessidade culto líder corrobora às alterações informações forma ampliar impacto dessa propaganda opinião pública,Argumento,0.8019336335690015
40,prática modificar notícias favorecer determinados interesses abre portas novo fenômeno contemporaneidade,Argumento,0.807222948912001
40,fenômeno justifica grande parte impasses políticos,Argumento,0.8130125937500013
40,decisões políticas vão perdendo caráter democrático dando espaço viés oligárquico é favorecendo poucos,Argumento,0.7973288228490014
40,é imprescindível autoridades poder legislativo elaborem projetos lei voltados à fiscalização punição plataformas midiáticas permitem propagação informações manipuladas fito evitar tal difusão,PI,0.7911231691210016
40,escolas meio educadores devem orientar educandos selecionar determinadas notícias seja maneira instigá-los procurar diferentes fontes analisar veracidade sempre buscando manter posicionamento crítico,PI,0.7540020308840014
40,desde século xx durante segunda guerra mundial principais ferramentas divulgação enaltecimento ideologia nazista propagandas televisivas jornalísticas quais difundiam informações cunho político ideológico favorecer imagem presidente,Argumento,0.808105627583001
40,tal situação é evidente sociedade perde liberdade pensar si só diante meios digitais cada vez bombardeiam informações fim fazê-los pensar à maneira desses e portanto beneficiar interesses particulares exemplo obter êxito cargos liderança,Argumento,0.7382109496350019
41,frequentes casos preconceitos sofridos negros mostram grupo ainda não experimenta direitos existentes,Tese,0.7820747341060011
41,fator histórico determinante construção figura negro brasil,Argumento,0.8280412360630015
41,conjunto fatores contribuiu construção sociocultural desse grupo longo tempo refletindo problemas sociais passam atualmente tais preconceito racial exclusão social,Argumento,0.7703926578650017
41,empecilhos mantidos passado manifestam outras formas dias atuais,Argumento,0.8077750251370013
41,há alta incidência violência negros evidenciados estatísticas afirmam cada dia são 66 óbitos desse grupo,Argumento,0.7453500540040012
41,vê-se permanência abandono marginalização já comuns período escravidão,Argumento,0.8123635328200012
41,ministério educação mec promova investimentos inserção conteúdos didáticos currículo escolar acerca papel importante negro representou construção sociocultural país,PI,0.808565317619001
41,poder legislativo meio autoridades devem ampliar cotas raciais universitárias bem acréscimo vagas campo profissional,PI,0.7961289085640015
41,com efeito é necessário entender origens problemática e posteriormente buscar caminhos combater efeitos,Tese,0.7759019405110015
41,isso pode notório partir chegada desse grupo terras brasileiras trabalhar escravos submetidos às condições precárias desde viagem- chamados navios negreiros- até instalação ambientes conhecidos senzalas segregados convívio social restante sociedade,Argumento,0.7861873831530013
41,outrossim além castigos corporais trabalhos compulsórios ocupavam base pirâmide hierarquia social,Argumento,0.8052440944280009
41,exemplos disso são desigualdades oportunidades refletem pequeno número negros universitários sendo composição brasileira é majoritariamente preta parda,Argumento,0.7632006673600013
42,afrodescendentes brasileiros atualidade têm duplo desafio lado fugir estigmas sociais impostos à raça e outro lado afrontar preconceito racial velado existente sociedade brasileira,Tese,0.7895967182630017
42,a abolição escravidão ocidente determinada menos inspiração ideais humanistas necessidade nações recém-industrializadas mercado consumidor amplo,Argumento,0.7305830067710013
42,embora estatuto igualdade racial exista desde 2010 dados recentes onu organização nações unidas afirmam cada 23 minutos jovem negro é morto brasil,Argumento,0.6895396956980014
42,obstáculos vida pessoa afrodescendente - violência - vitimiza sobretudo membros dessa etnia,Argumento,0.8014692766580013
42,esse problema agrava ainda força policial estatal é causadoras agressões infligidas contra população,Argumento,0.7899224183110014
42,preconceito étnico implícito sociedade brasileira é outra mazela pessoas negras deparam,Argumento,0.8086209255520009
42,esse tipo racismo não manifesta forma agressiva violenta injúria racial pode verificado várias situações cotidianas,Argumento,0.7806389828760013
42,afrobrasileiros enfrentam tempo desigualdade social racismo velado,Argumento,0.8099060675230014
42,é imprescindível estado brasileiro amplie número vagas universitárias destinadas membros população negra,PI,0.8135908602510012
43,racismo ainda existe país muitos passos devem dados alcançar atenuaçã,Tese,0.6917434387100012
43,população negra brasileira desde liberta escravidão exposta condições socioeconômicas secundárias levou às margens sociedade,Argumento,0.8049924012850016
43,atual cenário coberto desafios enfrentados negros brasil é fruto construção histórica reflete ainda hoje,Argumento,0.8006230337070015
43,panorama visto notícias relatadas mídia pesquisas realizadas apontam desigualdades correntes frente à população preta parda brasileira,Argumento,0.8154565244430012
43,tudo é fruto racismo imputado indivíduos ainda faz latente país cuja população é composta 55 pessoas pretas pardas,Argumento,0.714397636614001
43,isso mostra contraste social visível complexo superioridade brancos relação negros preconceito velado,Argumento,0.7925206351200013
43,observa-se racismo é real caminhos enfrentá-lo são longos árduos não impossíveis,Argumento,0.7792801786080009
43,é essencial papel escola conjunto família refere ensinar pessoas desde criança respeito próximo fazendo-as entender todos são iguais independente cor,PI,0.7854817752910009
43,reforço parte estado formulação ações afirmativas cotas exemplo dá visibilidade acesso às pessoas pretas pardas situação vulnerabilidade socioeconômica ambientes universitários,PI,0.7973193262470011
43,mídia também forte aliada luta contra discriminação racial meio propagandas reforcem igualdade qualquer cidadão,PI,0.7968142129340016
43,as periferias cidades exemplo tornaram-se locais majoritários habitação,Argumento,0.8235848970100013
43,além disso escravo recém-liberto dificuldade conseguir emprego remunerado absurda pois sociedade maioria tratava repúdio,Argumento,0.7181201303370015
43,entretanto constituição federal 1988 garante todos indivíduos são iguais perante lei estando sob mesmos direitos deveres,Argumento,0.7230625784930012
43,segundo mapa violência homem negro possui até 12 vezes chances vítima assassinato comparado branco,Argumento,0.7337241733990015
44,acabar problemática envolve mudanças vários âmbitos sociedade fim igualdade racial possa prevalecer,Tese,0.7907388966410012
44,formando maioria hodiernamente ainda sofrem preconceito discriminação até exclusão social,Tese,0.7789722560480014
44,notam-se desafios mercado trabalho geralmente negros ocupam posições menos privilegiadas mal remuneradas,Argumento,0.7907518663760013
44,falta oportunidades crescimento profissional oferecidas à população negra fomenta tal segregação,Argumento,0.792929821929001
44,inclusão cada vez negros cargos formados majoritariamente brancos é forma mudar cenário hodierno garantir representatividade grupo,Argumento,0.8054876060790012
44,negros ainda sofrem diariamente violência física verbal tanto convívio social quanto através internet dificilmente são amparados leis,Argumento,0.7586775537500012
44,amparo legal eficiente pode atenuar práticas racistas,PI,0.7920801944320014
44,desafios enfrentados negros concentram-se diversas esferas sociedade,Argumento,0.8215743910760014
44,necessidade intensificação criação leis severas meio governo federal amparem crimes específicos contra negros país,PI,0.8144026723940015
44,o caso apresentadora maju coutinho sofreu ataques racistas rede social 2015 apontou tal problemática raramente agressores são definitivamente punidos,Argumento,0.7230883552870017
44,dessa forma será possível progressivamente acabar descriminação preconceitos contra população negra país bem colocar prática ideais revolucionário martin luther king “eu sonho o sonho ver filhos julgados personalidade não cor pele”,PI,0.7732528458890019
45,é preciso analisar base sociedade brasileira educação influenciaram problemática questão,Tese,0.7859700922620013
45,país bate recorde refere à discriminação racial,Tese,0.8179824174970014
45,desde primórdios sociedade é possível perceber preconceito presente mundo inteiro,Argumento,0.7975138580060013
45,situação estende até dias atuais,Argumento,0.7911838068780012
45,educação fator determinante nessa problemática,Argumento,0.8123608760070012
45,questão discriminação racial deve revista,Argumento,0.8108762668680013
45,é indubitável governo derrube concepção supremacia racial meio políticas públicas programas infantis torne penas racismo severas,PI,0.8100993282300012
45,é preciso alto investimento capacitação professores estruturas escolas materiais oferecidos alunos,PI,0.818301831336001
45,assim nelson mandela dizia “ninguém nasce odiando outra pessoa cor pele origem ainda religião”,Argumento,0.7565449714340016
45,para odiar pessoas precisam aprender podem aprender odiar podem ensinadas amar,Argumento,0.7941367758160012
46,necessitando medidas crime extinto sociedade ambiente social passe saudável harmônico,Tese,0.8025970722570014
46,é notável herança cultural patriarcal brasil afeta cotidiano várias mulheres,Argumento,0.8083160894680014
46,uando relacionado feminicídio não adianta criar várias leis barram concepção patriarcalista não fazer devida fiscalização modo correto gerando feito vago,Argumento,0.721202253522001
46,assassinatos mulheres brasil ganharam pauta veículos disseminação massa,Argumento,0.8048306204540012
46,é extrema importância televisão rádio canais informem população relevância medidas contra crime seja meio debates públicos eventos culturais,PI,0.812827930781001
46,medidas governo mídias sociais precisam estabelecidas feminicídio extinto sociedade,PI,0.816094860646001
46,governo meio ministério justiça adjunto política nacional enfrentamento à violência contra mulheres débito garantir praticam tais atos devidamente punidos brasil,PI,0.795293021083001
46,meios comunicações massa associados voluntários podem distribuir panfletos locais grande movimentação pessoas informando importância denúncia meio chegar bem estar social,PI,0.794455761332001
46,o filósofo alemão christoph turcke afirma quem não faz propaganda não comunica,Argumento,0.7046782004430012
47,em sociedade culturalmente patriarcal arraigada machismo preconceito conservadorismo faz-se necessário debates violência contra mulher métodos maiores probabilidades resolver empasse,Tese,0.7877810904630017
47,a taxa homicídios estupros violência doméstica é altíssima brasil,Argumento,0.809153457434001
47,muitas mulheres vivem anos nesse contexto inúmeros motivos,Argumento,0.7934481938350012
47,lei responsável evitar milhares casos violência doméstica país,Argumento,0.8157971801730012
47,deveria oferecido apoio multidisciplinar inclusive psicológico financeiro mulher possa tomar decisão romper relação abusiva condições manter,PI,0.7788131907620012
47,torna-se necessário mecanismos eficazes defesas mulheres desde treinamentos policiais melhor acolhimento assistência psicológica tanto vítima quanto agressor,PI,0.7830856559300012
47,sensibilização intermédio meios comunicação tevê através novelas,PI,0.8391071654790014
47,é necessário mudança ensinamentos crianças realizadas não somente escolas também lar,PI,0.764613187958001
47,é necessário palestras psicólogos professores forma orientar pais educar filhos maneira igualitária,PI,0.8134528119580012
47,isso deve ensinamentos conservadores passados gerações mulheres são educadas serem submissas homem líder casa alguns casos padrão pode possibilitar desvalorização mulher aparência física passividade meio agressões físicas humilhações difamações,Argumento,0.7938209048520016
47,essa violência pode advir companheiro ex-companheiro familiares,Argumento,0.7877712508950014
47,muitas mulheres sofrem violações desconhecidos lugares públicos argumento usa-se vestimentas curtas locais impróprios horários,Argumento,0.8043924304460015
47,são tratadas meros objetos descartáveis agressor ignora qualquer trauma advindo desse episódio,Argumento,0.7879996938190011
47,fala jean-paul sartre “a violência maneira manifesta é sempre derrota,Argumento,0.7870133540410014
48,apesar criação leis punem violência gênero índice mortes mulheres país ainda é alto precisa combatido,Tese,0.7872849998980013
48,brasil ocorrem inúmeros casos violência à mulher resultantes morte caracterizando feminicídio,Argumento,0.791034531914001
48,esses dados são alarmantes são resultados herança cultural homem acredita dono mulher deve estar sujeita cumprir ordens,Argumento,0.8020012538370013
48,existe também discriminação gênero tendo exemplo desigualdade assédio agressão verbal,Argumento,0.7815758937790013
48,maioria casos feminicídio são cometidos próprios familiares cônjuges ex-parceiros vítimas,Argumento,0.8197043254460014
48,ressalta importância denúncia maioria vezes negado vítima viver constantes ameaças diversos tipos violência,Argumento,0.8027331565840015
48,é grande importância governo desestruturar dogmas machistas meio leis visem igualdade direitos salários iguais homens mulheres,PI,0.8008867548880012
48,expor assédio diversos tipos tipos violência agressão verbal crimes puníveis multa prisão,PI,0.8098874217610011
48,criação campanhas publicitárias massa mídias alertando informando denunciar orgãos especializados,PI,0.8310993809340014
48,de acordo organização mundial saúde oms número mulheres mortas são média 4 8 cada 100 mil habitantes,Argumento,0.6470491584500011
48,tais crimes cometidos contra mulheres ocorrem frequência podem observados diversos locais emprego esportes até igrejas,Argumento,0.7863404129660013
48,ainda há casos mulheres são dependentes financeiramente atacante acreditam que caso indivíduo preso podem passar dificuldades financeiras resultando omissão denúncia,Argumento,0.7524604083290011
49,feminicídio brasil representa novo fator combatido figura feminina,Tese,0.7950913885530012
49,violência contínua contra mulher além fruto herança histórica dá cultura machista ainda impera tempos atuais,Tese,0.7853038824850013
49,atitudes discriminatórias contra mulher já recorrentes antiguidade,Argumento,0.8064387930810014
49,é preciso desconstruir ideia preconceituosa espaço mulher deve necessariamente inserida,PI,0.7799183632260014
49,supremacia masculina ainda é forte atualidade bem sentimento propriedade mulher mulher refletindo portanto ações violentas,Argumento,0.7683858129320013
49,luta feminina busca maior independência proteção contra agressões ainda é realidade,Argumento,0.794995734621001
49,autoridades políticas meio verbas leis invistam órgãos denúncia bem agentes segurança mulher forma melhorar atendimento atuação desses funcionários contratação profissionais polícia capacitação,PI,0.8098543566910015
49,educação meio aulas didáticas escolas deve ampliar conhecimento educandos acerca igualdade gêneros,PI,0.8144722712030013
49,comprova-se fontes históricas bem artes quais são nítidas música “mulheres atenas” compositor chico buarque evidenciam submissão figura feminina às ordens masculinas quais resumiam cuidados lar filhos,Argumento,0.8070203441490017
49,isso é notório dados divulgados oms- organização mundial saúde- quais afirmam cada cem mil mulheres quase cinco mil são assassinadas brasil,Argumento,0.7917324236660008
50,aspectos devem considerados relação isto legado histórico-cultural desrespeito às leis,Tese,0.7966885952530013
50,a violência abusos sofridos mulher são problemas recorrentes brasil,Tese,0.804797987462001
50,mulheres vítimas desse contexto histórico-cultural machismo enraizado sociedade forma implícita,Argumento,0.8012809778940013
50,acaba tornando-se ineficaz falta esclarecimentos,Argumento,0.8253559822490012
50,muitas mulheres têm medo denunciarem agressores sofrerem ainda violência,Argumento,0.784173582253001
50,é dever estado proteger mulheres leis punições severas campanhas esclarecimentos tais leis principalmente programa eficaz proteção mulheres vítimas agressão fazem denúncia direito acompanhamento psicológico,PI,0.7991012930520016
50,assim maior investimento educação intuito formar cidadãos conscientes comprometidos garantir bem-estar próximo,PI,0.7826017016150012
50,segundo história mulher sempre vista inferior relação homem pode-se comprovar fato terem direito voto à escolaridade ingressar mercado trabalho outras coisas tempo oposto,Tese,0.7838937234520016
50,os parâmetros definem violência doméstica contra mulher vez estão estabelecidos lei maria penha desde 2006,Argumento,0.7587634128770013
50,os acometedores muitas vezes também são desinformados quanto à lei acabam não saberem podem seriamente punidos tais atos,Argumento,0.7057034179430008
